Survived,Pclass,Name,Sex,Age,SibSp,Parch,Fare,Embarked_C,Embarked_Q,Embarked_S,Title,TitleCategory,FareCluster,Ticket_Prefix,Ticket_Number,Cabin_Count,Cabin_Letter,Cabin_Number,FamilySize,IsAlone,FarePerPerson
0,1,108,0,22.0,1,0,7.25,0,0,1,12,2,0,4,5.0,1,5,4.0,2,0,3.625
1,3,190,1,38.0,1,0,71.2833,1,0,0,13,3,2,16,17599.0,1,2,85.0,2,0,35.64165
1,1,353,1,26.0,0,0,7.925,0,0,1,9,1,0,35,2.0,1,4,42.0,1,1,7.925
1,3,272,1,35.0,1,0,53.1,0,0,1,13,3,2,0,113803.0,1,2,123.0,2,0,26.55
0,1,15,0,35.0,0,0,8.05,0,0,1,12,2,0,0,373450.0,1,4,42.0,1,1,8.05
0,1,554,0,35.01935214249039,0,0,8.4583,0,1,0,12,2,0,0,330877.0,1,4,42.0,1,1,8.4583
0,3,515,0,54.0,0,0,51.8625,0,0,1,12,2,2,0,17463.0,1,4,46.0,1,1,51.8625
0,1,624,0,2.0,3,1,21.075,0,0,1,8,0,5,0,349909.0,1,5,4.0,5,0,4.215
1,1,411,1,27.0,0,2,11.1333,0,0,1,13,3,0,0,347742.0,1,4,42.0,3,0,3.7111
1,2,576,1,14.0,1,0,30.0708,1,0,0,13,3,5,0,237736.0,1,3,29.0,2,0,15.0354
1,1,728,1,4.0,1,1,16.7,0,0,1,9,1,0,17,9549.0,1,6,6.0,3,0,5.566666666666666
1,3,95,1,58.0,0,0,26.55,0,0,1,9,1,5,0,113783.0,1,2,103.0,1,1,26.55
0,1,729,0,20.0,0,0,8.05,0,0,1,12,2,0,4,5.0,1,5,4.0,1,1,8.05
0,1,22,0,39.0,1,5,31.275,0,0,1,12,2,5,0,347082.0,1,5,4.0,7,0,4.4678571428571425
0,1,840,1,14.0,0,0,7.8542,0,0,1,9,1,0,0,350406.0,1,6,6.0,1,1,7.8542
1,2,359,1,55.0,0,0,16.0,0,0,1,13,3,0,0,248706.0,1,3,29.0,1,1,16.0
0,1,682,0,2.0,4,1,29.125,0,1,0,8,0,5,0,382652.0,1,5,4.0,6,0,4.854166666666667
1,2,867,0,31.260939541419937,0,0,13.0,0,0,1,12,2,0,0,244373.0,1,3,29.0,1,1,13.0
0,1,838,1,31.0,1,0,18.0,0,0,1,13,3,0,0,345763.0,1,6,6.0,2,0,9.0
1,1,512,1,36.70996042918056,0,0,7.225,1,0,0,13,3,0,0,2649.0,1,5,4.0,1,1,7.225
0,2,273,0,35.0,0,0,26.0,0,0,1,12,2,5,0,239865.0,1,3,29.0,1,1,26.0
1,2,80,0,34.0,0,0,13.0,0,0,1,12,2,0,0,248698.0,1,3,56.0,1,1,13.0
1,1,523,1,15.0,0,0,8.0292,0,1,0,9,1,0,0,330923.0,1,6,6.0,1,1,8.0292
1,3,765,0,28.0,0,0,35.5,0,0,1,12,2,5,0,113788.0,1,0,6.0,1,1,35.5
0,1,627,1,8.0,3,1,21.075,0,0,1,9,1,5,0,349909.0,1,6,6.0,5,0,4.215
1,1,41,1,38.0,1,5,31.3875,0,0,1,13,3,5,0,347077.0,1,5,4.0,7,0,4.483928571428572
0,1,240,0,30.140762695068087,0,0,7.225,1,0,0,12,2,0,0,2631.0,1,5,4.0,1,1,7.225
0,3,259,0,19.0,3,2,263.0,0,0,1,12,2,1,0,19950.0,3,2,23.0,6,0,43.833333333333336
1,1,605,1,19.492966404390298,0,0,7.8792,0,1,0,9,1,0,0,330959.0,1,6,6.0,1,1,7.8792
0,1,813,0,25.60886136636408,0,0,7.8958,0,0,1,12,2,0,0,349216.0,1,5,4.0,1,1,7.8958
0,3,828,0,40.0,0,0,27.7208,1,0,0,3,4,5,16,17601.0,1,1,50.0,1,1,27.7208
1,3,776,1,41.205403500654526,1,0,146.5208,1,0,0,13,3,4,16,17569.0,1,1,78.0,2,0,73.2604
1,1,289,1,23.263212475846572,0,0,7.75,0,1,0,9,1,0,0,335677.0,1,6,6.0,1,1,7.75
0,2,856,0,66.0,0,0,10.5,0,0,1,12,2,0,7,24579.0,1,5,4.0,1,1,10.5
0,3,535,0,28.0,1,0,82.1708,1,0,0,12,2,2,16,17604.0,1,2,83.0,2,0,41.0854
0,3,372,0,42.0,1,0,52.0,0,0,1,12,2,2,0,113789.0,1,3,29.0,2,0,26.0
1,1,505,0,25.422513167522865,0,0,7.2292,1,0,0,12,2,0,0,2677.0,1,5,4.0,1,1,7.2292
0,1,134,0,21.0,0,0,8.05,0,0,1,12,2,0,3,5.0,1,5,4.0,1,1,8.05
0,1,837,1,18.0,2,0,18.0,0,0,1,9,1,0,0,345764.0,1,6,6.0,3,0,6.0
1,1,589,1,14.0,1,0,11.2417,1,0,0,9,1,0,0,2651.0,1,6,6.0,2,0,5.62085
0,1,7,1,40.0,1,0,9.475,0,0,1,13,3,0,0,7546.0,1,6,6.0,2,0,4.7375
0,2,827,1,27.0,1,0,21.0,0,0,1,13,3,5,0,11668.0,1,3,29.0,2,0,10.5
0,1,446,0,31.26549407686217,0,0,7.8958,1,0,0,12,2,0,0,349253.0,1,5,4.0,1,1,7.8958
1,2,458,1,3.0,1,2,41.5792,1,0,0,9,1,5,29,2123.0,1,5,4.0,4,0,10.3948
1,1,212,1,19.0,0,0,7.8792,0,1,0,9,1,0,0,330958.0,1,6,6.0,1,1,7.8792
0,1,697,0,30.10067141236514,0,0,8.05,0,0,1,12,2,0,18,4.0,1,4,42.0,1,1,8.05
0,1,473,0,40.367948461953375,1,0,15.5,0,1,0,12,2,0,0,370371.0,1,4,42.0,2,0,7.75
1,1,604,1,23.833413917485636,0,0,7.75,0,1,0,9,1,0,0,14311.0,1,6,6.0,1,1,7.75
0,1,726,0,19.309673094477965,2,0,21.6792,1,0,0,12,2,5,0,2662.0,1,5,4.0,3,0,7.226400000000001
0,1,38,1,18.0,1,0,17.8,0,0,1,13,3,0,0,349237.0,1,6,6.0,2,0,8.9
0,1,632,0,7.0,4,1,39.6875,0,0,1,8,0,5,0,3101295.0,1,5,4.0,6,0,6.614583333333333
0,1,594,0,21.0,0,0,7.8,0,0,1,12,2,0,4,4.0,1,5,4.0,1,1,7.8
1,3,333,1,49.0,1,0,76.7292,1,0,0,13,3,2,16,17572.0,1,3,33.0,2,0,38.3646
1,2,246,1,29.0,1,0,26.0,0,0,1,13,3,5,0,2926.0,1,3,29.0,2,0,13.0
0,3,620,0,65.0,0,1,61.9792,1,0,0,12,2,2,0,113509.0,1,1,30.0,2,0,30.9896
1,3,873,0,56.90210857411451,0,0,35.5,0,0,1,12,2,5,0,19947.0,1,2,52.0,1,1,35.5
1,2,707,1,21.0,0,0,10.5,0,0,1,9,1,0,7,31026.0,1,4,42.0,1,1,10.5
0,1,595,0,28.5,0,0,7.2292,1,0,0,12,2,0,0,2697.0,1,5,4.0,1,1,7.2292
1,2,853,1,5.0,1,2,27.75,0,0,1,9,1,5,7,34651.0,1,5,4.0,4,0,6.9375
0,1,302,0,11.0,5,2,46.9,0,0,1,8,0,5,9,2144.0,1,5,4.0,8,0,5.8625
0,1,749,0,22.0,0,0,7.2292,1,0,0,12,2,0,0,2669.0,1,5,4.0,1,1,7.2292
1,3,385,1,38.0,0,0,80.0,1,0,0,9,1,2,0,113572.0,1,1,28.0,1,1,80.0
0,3,337,0,45.0,1,0,83.475,0,0,1,12,2,2,0,36973.0,1,2,83.0,2,0,41.7375
0,1,755,0,4.0,3,2,27.9,0,0,1,8,0,5,0,347088.0,1,5,4.0,6,0,4.6499999999999995
0,3,784,0,49.14885436180274,0,0,27.7208,1,0,0,12,2,5,16,17605.0,1,2,83.0,1,1,27.7208
1,1,560,0,-1.3838434540866054,1,1,15.2458,1,0,0,8,0,0,0,2661.0,1,5,4.0,3,0,5.081933333333333
1,2,596,1,29.0,0,0,10.5,0,0,1,13,3,0,7,29395.0,1,5,33.0,1,1,10.5
0,1,185,0,19.0,0,0,8.1583,0,0,1,12,2,0,23,3464.0,1,5,4.0,1,1,8.1583
1,1,27,1,17.0,4,2,7.925,0,0,1,9,1,0,0,3101281.0,1,6,6.0,7,0,1.1321428571428571
0,1,440,0,26.0,2,0,8.6625,0,0,1,12,2,0,0,315151.0,1,4,42.0,3,0,2.8874999999999997
0,2,396,0,32.0,0,0,10.5,0,0,1,12,2,0,7,33111.0,1,3,29.0,1,1,10.5
0,1,300,1,16.0,5,2,46.9,0,0,1,9,1,5,9,2144.0,1,5,4.0,8,0,5.8625
0,2,376,0,21.0,0,0,73.5,0,0,1,12,2,2,21,14879.0,1,3,29.0,1,1,73.5
0,1,161,0,26.0,1,0,14.4542,1,0,0,12,2,0,0,2680.0,1,4,42.0,2,0,7.2271
1,1,87,0,32.0,0,0,56.4958,0,0,1,12,2,2,0,1601.0,1,4,42.0,1,1,56.4958
0,1,546,0,25.0,0,0,7.65,0,0,1,12,2,0,0,348123.0,2,5,4.0,1,1,7.65
0,1,778,0,23.827674221769982,0,0,7.8958,0,0,1,12,2,0,0,349208.0,1,5,4.0,1,1,7.8958
0,1,563,0,27.672886601165217,0,0,8.05,0,0,1,12,2,0,0,374746.0,1,4,42.0,1,1,8.05
1,2,128,0,0.83,0,2,29.0,0,0,1,8,0,5,0,248738.0,1,5,4.0,3,0,9.666666666666666
1,1,223,1,30.0,0,0,12.475,0,0,1,9,1,0,0,364516.0,1,4,42.0,1,1,12.475
0,1,842,0,22.0,0,0,9.0,0,0,1,12,2,0,0,345767.0,1,5,4.0,1,1,9.0
1,1,737,0,29.0,0,0,9.5,0,0,1,12,2,0,0,345779.0,1,4,42.0,1,1,9.5
1,1,519,1,21.24658684745127,0,0,7.7875,0,1,0,9,1,0,0,330932.0,1,6,6.0,1,1,7.7875
0,3,141,0,28.0,0,0,47.1,0,0,1,12,2,5,0,113059.0,1,0,20.0,1,1,47.1
1,2,386,1,17.0,0,0,10.5,0,0,1,9,1,0,31,14885.0,1,4,42.0,1,1,10.5
1,1,52,1,33.0,3,0,15.85,0,0,1,13,3,0,0,3101278.0,1,6,6.0,4,0,3.9625
0,1,256,0,16.0,1,3,34.375,0,0,1,12,2,5,38,6608.0,1,5,4.0,5,0,6.875
0,1,764,0,21.73557083824502,0,0,8.05,0,0,1,12,2,0,34,392086.0,1,5,4.0,1,1,8.05
1,3,260,1,23.0,3,2,263.0,0,0,1,9,1,1,0,19950.0,3,2,23.0,6,0,43.833333333333336
0,1,149,0,24.0,0,0,8.05,0,0,1,12,2,0,0,343275.0,1,4,42.0,1,1,8.05
0,1,159,0,29.0,0,0,8.05,0,0,1,12,2,0,0,343276.0,1,4,42.0,1,1,8.05
0,1,31,0,20.0,0,0,7.8542,0,0,1,12,2,0,0,347466.0,1,5,4.0,1,1,7.8542
0,3,150,0,46.0,1,0,61.175,0,0,1,12,2,2,39,5734.0,1,4,31.0,2,0,30.5875
0,1,208,0,26.0,1,2,20.575,0,0,1,12,2,5,7,2315.0,1,4,42.0,4,0,5.14375
0,1,184,0,59.0,0,0,7.25,0,0,1,12,2,0,0,364500.0,1,5,4.0,1,1,7.25
0,1,740,0,32.18039112446125,0,0,8.05,0,0,1,12,2,0,0,374910.0,1,4,42.0,1,1,8.05
0,3,292,0,71.0,0,0,34.6542,1,0,0,12,2,5,16,17754.0,1,0,5.0,1,1,34.6542
1,3,308,0,23.0,0,1,63.3583,1,0,0,12,2,2,16,17759.0,2,3,10.0,2,0,31.67915
1,2,219,1,34.0,0,1,23.0,0,0,1,13,3,5,0,231919.0,1,3,29.0,2,0,11.5
0,2,422,0,34.0,1,0,26.0,0,0,1,12,2,5,0,244367.0,1,3,29.0,2,0,13.0
0,1,656,1,28.0,0,0,7.8958,0,0,1,9,1,0,0,349245.0,1,4,42.0,1,1,7.8958
0,1,658,0,23.281650049253336,0,0,7.8958,0,0,1,12,2,0,0,349215.0,1,5,4.0,1,1,7.8958
0,3,858,0,21.0,0,1,77.2875,0,0,1,12,2,2,0,35281.0,1,3,26.0,2,0,38.64375
0,1,405,0,33.0,0,0,8.6542,0,0,1,12,2,0,0,7540.0,1,4,42.0,1,1,8.6542
0,1,312,0,37.0,2,0,7.925,0,0,1,12,2,0,0,3101276.0,1,5,4.0,3,0,2.6416666666666666
0,1,542,0,28.0,0,0,7.8958,0,0,1,12,2,0,0,349207.0,1,5,4.0,1,1,7.8958
1,1,724,1,21.0,0,0,7.65,0,0,1,9,1,0,0,343120.0,1,6,6.0,1,1,7.65
1,1,559,0,25.615052105305697,0,0,7.775,0,0,1,12,2,0,0,312991.0,1,5,4.0,1,1,7.775
0,1,675,0,38.0,0,0,7.8958,0,0,1,12,2,0,0,349249.0,1,5,4.0,1,1,7.8958
1,1,552,1,20.61597282563975,1,0,24.15,0,1,0,9,1,5,0,371110.0,1,5,4.0,2,0,12.075
0,3,667,0,47.0,0,0,52.0,0,0,1,12,2,2,0,110465.0,1,2,110.0,1,1,52.0
0,1,882,1,14.5,1,0,14.4542,1,0,0,9,1,0,0,2665.0,1,6,6.0,2,0,7.2271
0,1,67,0,22.0,0,0,8.05,0,0,1,12,2,0,0,324669.0,1,5,4.0,1,1,8.05
0,1,418,1,20.0,1,0,9.825,0,0,1,9,1,0,0,4136.0,1,6,6.0,2,0,4.9125
0,1,46,1,17.0,0,0,14.4583,1,0,0,9,1,0,0,2627.0,1,6,6.0,1,1,14.4583
0,1,645,0,21.0,0,0,7.925,0,0,1,12,2,0,36,2.0,1,5,4.0,1,1,7.925
0,1,178,0,70.5,0,0,7.75,0,1,0,12,2,0,0,370369.0,1,5,4.0,1,1,7.75
0,2,826,0,29.0,1,0,21.0,0,0,1,12,2,5,0,11668.0,1,3,29.0,2,0,10.5
0,3,71,0,24.0,0,1,247.5208,1,0,0,12,2,1,16,17558.0,2,1,58.0,2,0,123.7604
0,1,26,1,2.0,4,2,31.275,0,0,1,9,1,5,0,347082.0,1,5,4.0,7,0,4.4678571428571425
0,2,362,0,21.0,2,0,73.5,0,0,1,12,2,2,21,14879.0,1,3,29.0,3,0,24.5
0,1,551,0,39.49069659459769,0,0,8.05,0,0,1,12,2,0,1,4.0,1,5,4.0,1,1,8.05
0,2,575,0,32.5,1,0,30.0708,1,0,0,12,2,5,0,237736.0,1,3,29.0,2,0,15.0354
1,2,849,1,32.5,0,0,13.0,0,0,1,9,1,0,0,27267.0,1,4,101.0,1,1,13.0
0,3,857,0,54.0,0,1,77.2875,0,0,1,12,2,2,0,35281.0,1,3,26.0,2,0,38.64375
1,1,588,0,12.0,1,0,11.2417,1,0,0,8,0,0,0,2651.0,1,4,42.0,2,0,5.62085
0,1,525,0,41.8221442984141,0,0,7.75,0,1,0,12,2,0,0,370372.0,1,5,4.0,1,1,7.75
1,1,499,0,24.0,0,0,7.1417,0,0,1,12,2,0,6,17369.0,1,5,4.0,1,1,7.1417
1,1,653,1,1.2619613836473853,1,1,22.3583,1,0,0,9,1,5,0,2668.0,2,5,4.0,3,0,7.452766666666666
0,1,234,0,45.0,0,0,6.975,0,0,1,12,2,0,0,347061.0,1,5,4.0,1,1,6.975
0,1,225,0,33.0,0,0,7.8958,1,0,0,12,2,0,0,349241.0,1,5,4.0,1,1,7.8958
0,1,165,0,20.0,0,0,7.05,0,0,1,12,2,0,33,3101307.0,1,5,4.0,1,1,7.05
0,1,695,1,47.0,1,0,14.5,0,0,1,13,3,0,4,5.0,1,4,42.0,2,0,7.25
1,2,851,1,29.0,1,0,26.0,0,0,1,13,3,5,0,228414.0,1,3,29.0,2,0,13.0
0,2,772,0,25.0,0,0,13.0,0,0,1,12,2,0,7,29178.0,1,3,29.0,1,1,13.0
0,2,685,0,23.0,0,0,15.0458,1,0,0,12,2,0,28,2133.0,1,3,29.0,1,1,15.0458
1,3,585,1,19.0,0,2,26.2833,0,0,1,9,1,5,0,11752.0,1,3,47.0,3,0,8.7611
0,3,271,0,37.0,1,0,53.1,0,0,1,12,2,2,0,113803.0,1,2,123.0,2,0,26.55
0,1,618,0,16.0,0,0,9.2167,0,0,1,12,2,0,0,7534.0,1,4,42.0,1,1,9.2167
0,3,282,0,24.0,0,0,79.2,1,0,0,12,2,2,16,17593.0,1,1,86.0,1,1,79.2
0,1,98,1,30.09643419944212,0,2,15.2458,1,0,0,13,3,0,0,2678.0,1,6,6.0,3,0,5.081933333333333
1,1,597,1,22.0,0,0,7.75,0,0,1,9,1,0,0,347081.0,1,6,6.0,1,1,7.75
1,1,319,1,24.0,1,0,15.85,0,0,1,13,3,0,35,2.0,1,6,6.0,2,0,7.925
0,1,116,0,19.0,0,0,6.75,0,1,0,12,2,0,0,365222.0,1,5,4.0,1,1,6.75
0,2,32,0,18.0,0,0,11.5,0,0,1,12,2,0,0,231945.0,1,3,29.0,1,1,11.5
0,2,586,0,19.0,1,1,36.75,0,0,1,12,2,5,7,33112.0,1,5,4.0,3,0,12.25
1,1,24,0,27.0,0,0,7.7958,0,0,1,12,2,0,0,350043.0,1,5,4.0,1,1,7.7958
0,1,255,1,9.0,2,2,34.375,0,0,1,9,1,5,38,6608.0,1,5,4.0,5,0,6.875
0,2,579,0,36.5,0,2,26.0,0,0,1,12,2,5,0,230080.0,1,5,2.0,3,0,8.666666666666666
0,2,121,0,42.0,0,0,13.0,0,0,1,15,5,0,0,244310.0,1,3,29.0,1,1,13.0
0,2,68,0,51.0,0,0,12.525,0,0,1,15,5,0,22,1166.0,1,3,29.0,1,1,12.525
1,3,642,1,22.0,1,0,66.6,0,0,1,13,3,2,0,113776.0,1,2,2.0,2,0,33.3
0,1,532,0,55.5,0,0,8.05,0,0,1,12,2,0,2,5.0,1,4,42.0,1,1,8.05
0,1,889,0,40.5,0,2,14.5,0,0,1,12,2,0,4,5.0,1,4,42.0,3,0,4.833333333333333
0,1,612,0,33.00362695195501,0,0,7.3125,0,0,1,12,2,0,13,265302.0,1,5,4.0,1,1,7.3125
0,3,866,0,51.0,0,1,61.3792,1,0,0,12,2,2,16,17597.0,1,4,42.0,2,0,30.6896
1,1,287,1,16.0,0,0,7.7333,0,1,0,9,1,0,0,35851.0,1,6,6.0,1,1,7.7333
0,1,181,0,30.0,0,0,8.05,0,0,1,12,2,0,34,392090.0,1,4,42.0,1,1,8.05
0,1,767,0,31.272062966919272,0,0,8.6625,0,0,1,12,2,0,0,315037.0,1,4,42.0,1,1,8.6625
0,1,722,0,6.304256484892818,8,2,69.55,0,0,1,8,0,2,10,2343.0,1,5,4.0,11,0,6.322727272727272
0,1,186,0,44.0,0,1,16.1,0,0,1,12,2,0,0,371362.0,1,4,42.0,2,0,8.05
1,2,847,1,40.0,0,0,15.75,0,0,1,13,3,0,7,33595.0,1,3,29.0,1,1,15.75
0,1,82,0,26.0,0,0,7.775,0,0,1,12,2,0,0,347068.0,1,5,4.0,1,1,7.775
0,1,129,0,17.0,0,0,8.6625,0,0,1,12,2,0,0,315093.0,1,5,4.0,1,1,8.6625
0,1,628,0,1.0,4,1,39.6875,0,0,1,8,0,5,0,3101295.0,1,5,4.0,6,0,6.614583333333333
1,1,295,0,9.0,0,2,20.525,0,0,1,8,0,5,0,363291.0,1,4,42.0,3,0,6.841666666666666
1,3,157,1,42.64218228148802,0,1,55.0,0,0,1,13,3,2,0,113505.0,1,4,33.0,2,0,27.5
0,1,760,1,45.0,1,4,27.9,0,0,1,13,3,5,0,347088.0,1,5,4.0,6,0,4.6499999999999995
0,3,69,0,47.45825320911075,0,0,25.925,0,0,1,12,2,5,16,17318.0,1,4,42.0,1,1,25.925
0,1,486,0,28.0,0,0,56.4958,0,0,1,12,2,2,0,1601.0,1,4,42.0,1,1,56.4958
0,3,832,0,61.0,0,0,33.5,0,0,1,12,2,5,0,111240.0,1,1,19.0,1,1,33.5
0,1,680,0,4.0,4,1,29.125,0,1,0,8,0,5,0,382652.0,1,5,4.0,6,0,4.854166666666667
1,1,408,1,1.0,1,1,11.1333,0,0,1,9,1,0,0,347742.0,1,6,6.0,3,0,3.7111
0,1,752,0,21.0,0,0,7.925,0,0,1,12,2,0,36,2.0,1,5,4.0,1,1,7.925
0,3,768,0,56.0,0,0,30.6958,1,0,0,12,2,5,0,17764.0,1,0,7.0,1,1,30.6958
0,1,444,0,18.0,1,1,7.8542,0,0,1,12,2,0,0,350404.0,1,5,4.0,3,0,2.6180666666666665
0,1,464,0,7.292708921936207,3,1,25.4667,0,0,1,8,0,5,0,4133.0,1,5,4.0,5,0,5.0933399999999995
0,3,388,1,50.0,0,0,28.7125,1,0,0,9,1,5,16,17595.0,1,2,49.0,1,1,28.7125
0,2,320,0,30.0,0,0,13.0,0,0,1,12,2,0,0,250653.0,1,3,29.0,1,1,13.0
0,1,474,0,36.0,0,0,0.0,0,0,1,12,2,0,14,0.0,1,5,4.0,1,1,0.0
0,1,716,1,13.156779226320893,8,2,69.55,0,0,1,9,1,2,10,2343.0,1,5,4.0,11,0,6.322727272727272
0,2,650,0,20.169720518819574,0,0,15.05,1,0,0,12,2,0,28,2131.0,1,3,29.0,1,1,15.05
0,1,42,0,9.0,4,2,31.3875,0,0,1,8,0,5,0,347077.0,1,5,4.0,7,0,4.483928571428572
1,2,77,0,1.0,2,1,39.0,0,0,1,8,0,5,0,230136.0,1,5,4.0,4,0,9.75
1,1,441,1,4.0,0,2,22.025,0,0,1,9,1,5,0,315153.0,1,5,4.0,3,0,7.341666666666666
0,3,700,0,34.52420542543211,0,0,50.0,0,0,1,12,2,2,0,113767.0,1,0,32.0,1,1,50.0
1,1,600,1,31.48857471816512,1,0,15.5,0,1,0,13,3,0,0,370365.0,1,6,6.0,2,0,7.75
1,3,698,0,45.0,0,0,26.55,0,0,1,12,2,5,0,111428.0,1,2,83.0,1,1,26.55
0,1,100,0,40.0,1,1,15.5,0,1,0,12,2,0,0,364849.0,1,4,42.0,3,0,5.166666666666667
0,1,823,0,36.0,0,0,7.8958,0,0,1,12,2,0,0,349247.0,1,5,4.0,1,1,7.8958
1,2,664,1,32.0,0,0,13.0,0,0,1,13,3,0,0,234604.0,1,3,29.0,1,1,13.0
0,2,136,0,19.0,0,0,13.0,0,0,1,12,2,0,0,28424.0,1,3,29.0,1,1,13.0
1,1,20,1,19.0,1,0,7.8542,0,0,1,9,1,0,0,350046.0,1,6,6.0,2,0,3.9271
1,2,580,0,3.0,1,1,26.0,0,0,1,8,0,5,0,230080.0,1,5,2.0,3,0,8.666666666666666
1,3,112,1,44.0,0,0,27.7208,1,0,0,13,3,5,16,17610.0,1,1,4.0,1,1,27.7208
1,3,495,1,58.0,0,0,146.5208,1,0,0,9,1,4,16,17569.0,1,1,80.0,1,1,146.5208
0,1,533,0,37.97546485604887,0,0,7.75,0,1,0,12,2,0,0,368703.0,1,5,4.0,1,1,7.75
0,1,611,0,42.0,0,1,8.4042,0,0,1,12,2,0,0,4579.0,1,5,4.0,2,0,4.2021
1,1,497,1,28.533029315902844,0,0,7.75,0,1,0,9,1,0,0,370370.0,1,4,42.0,1,1,7.75
0,2,881,1,24.0,0,0,13.0,0,0,1,9,1,0,0,248747.0,1,5,4.0,1,1,13.0
0,1,834,0,28.0,0,0,9.5,0,0,1,12,2,0,0,345770.0,1,4,42.0,1,1,9.5
0,1,719,0,14.674353855521286,8,2,69.55,0,0,1,12,2,2,10,2343.0,1,5,4.0,11,0,6.322727272727272
0,1,403,0,34.0,0,0,6.4958,0,0,1,12,2,0,0,3101264.0,1,5,4.0,1,1,6.4958
0,1,878,0,45.5,0,0,7.225,1,0,0,12,2,0,0,2628.0,1,5,4.0,1,1,7.225
1,1,166,0,18.0,0,0,8.05,0,0,1,12,2,0,4,5.0,1,5,4.0,1,1,8.05
0,1,789,1,2.0,0,1,10.4625,0,0,1,9,1,0,0,347054.0,1,6,6.0,2,0,5.23125
0,1,51,0,32.0,1,0,15.85,0,0,1,12,2,0,0,3101278.0,1,4,42.0,2,0,7.925
1,1,9,0,26.0,0,0,18.7875,1,0,0,12,2,0,0,2699.0,1,4,42.0,1,1,18.7875
1,1,140,1,16.0,0,0,7.75,0,1,0,9,1,0,0,367231.0,1,6,6.0,1,1,7.75
1,3,94,0,40.0,0,0,31.0,1,0,0,12,2,5,0,112277.0,1,0,31.0,1,1,31.0
0,1,12,0,24.0,0,0,7.05,0,0,1,12,2,0,33,3101311.0,1,5,4.0,1,1,7.05
1,2,131,1,35.0,0,0,21.0,0,0,1,9,1,5,12,13528.0,1,4,42.0,1,1,21.0
0,1,649,0,22.0,0,0,7.25,0,0,1,12,2,0,4,5.0,1,5,4.0,1,1,7.25
0,2,288,0,30.0,0,0,13.0,0,0,1,12,2,0,0,250646.0,1,3,29.0,1,1,13.0
0,1,437,0,36.82306950721702,1,0,7.75,0,1,0,12,2,0,0,367229.0,1,5,4.0,2,0,3.875
1,3,583,1,31.0,1,0,113.275,1,0,0,9,1,4,0,35273.0,1,3,36.0,2,0,56.6375
1,1,375,1,27.0,0,0,7.925,0,0,1,9,1,0,35,2.0,1,4,42.0,1,1,7.925
0,2,390,0,42.0,1,0,27.0,0,0,1,12,2,5,0,243847.0,1,5,4.0,2,0,13.5
1,3,72,1,32.0,0,0,76.2917,1,0,0,9,1,2,0,11813.0,1,3,15.0,1,1,76.2917
0,2,339,0,30.0,0,0,10.5,0,0,1,12,2,0,40,14208.0,1,3,29.0,1,1,10.5
1,1,791,0,16.0,0,0,8.05,0,0,1,12,2,0,34,392089.0,1,5,4.0,1,1,8.05
0,2,105,0,27.0,0,0,13.0,0,0,1,12,2,0,0,220367.0,1,3,29.0,1,1,13.0
0,1,306,0,51.0,0,0,8.05,0,0,1,12,2,0,0,21440.0,1,4,42.0,1,1,8.05
0,1,581,0,23.5538735117745,0,0,7.8958,0,0,1,12,2,0,0,349234.0,1,5,4.0,1,1,7.8958
1,3,379,0,38.0,1,0,90.0,0,0,1,12,2,2,0,19943.0,1,2,93.0,2,0,45.0
0,1,83,0,22.0,0,0,9.35,0,0,1,12,2,0,17,4348.0,1,4,42.0,1,1,9.35
1,2,531,0,19.0,0,0,10.5,0,0,1,12,2,0,37,751.0,1,5,4.0,1,1,10.5
0,1,492,0,20.5,0,0,7.25,0,0,1,12,2,0,4,5.0,1,5,4.0,1,1,7.25
0,2,243,0,18.0,0,0,13.0,0,0,1,12,2,0,0,236171.0,1,3,29.0,1,1,13.0
0,1,467,1,10.281785774732196,3,1,25.4667,0,0,1,9,1,5,0,4133.0,1,5,4.0,5,0,5.0933399999999995
1,3,338,1,35.0,1,0,83.475,0,0,1,13,3,2,0,36973.0,1,2,83.0,2,0,41.7375
0,1,460,0,29.0,0,0,7.775,0,0,1,12,2,0,0,347067.0,1,5,4.0,1,1,7.775
0,2,754,0,59.0,0,0,13.5,0,0,1,12,2,0,0,237442.0,1,3,29.0,1,1,13.5
1,1,44,1,5.0,4,2,31.3875,0,0,1,9,1,5,0,347077.0,1,5,4.0,7,0,4.483928571428572
0,2,479,0,24.0,0,0,10.5,0,0,1,12,2,0,7,29566.0,1,5,4.0,1,1,10.5
0,1,329,1,29.94316136345828,0,0,7.55,0,0,1,9,1,0,38,6609.0,1,4,42.0,1,1,7.55
0,2,370,0,44.0,1,0,26.0,0,0,1,12,2,5,0,26707.0,1,5,4.0,2,0,13.0
1,2,174,1,8.0,0,2,26.25,0,0,1,9,1,5,7,31921.0,1,5,4.0,3,0,8.75
0,2,648,0,19.0,0,0,10.5,0,0,1,12,2,0,0,28665.0,1,5,4.0,1,1,10.5
0,2,383,0,33.0,0,0,12.275,0,0,1,12,2,0,30,1585.0,1,3,29.0,1,1,12.275
0,1,883,1,14.80874216858226,1,0,14.4542,1,0,0,9,1,0,0,2665.0,1,6,6.0,2,0,7.2271
1,1,567,1,18.177400605599217,1,0,15.5,0,1,0,9,1,0,0,367230.0,1,6,6.0,2,0,7.75
0,2,169,0,29.0,0,0,10.5,0,0,1,12,2,0,38,14263.0,1,3,29.0,1,1,10.5
0,1,500,0,22.0,0,0,7.125,0,0,1,12,2,0,36,2.0,1,5,4.0,1,1,7.125
0,1,47,0,30.0,0,0,7.225,1,0,0,12,2,0,0,2694.0,1,5,4.0,1,1,7.225
0,3,540,0,44.0,2,0,90.0,0,1,0,4,5,2,0,19928.0,1,2,78.0,3,0,30.0
0,1,481,1,25.0,0,0,7.775,0,0,1,9,1,0,0,347071.0,1,4,42.0,1,1,7.775
1,2,322,1,24.0,0,2,14.5,0,0,1,13,3,0,0,250649.0,1,3,29.0,3,0,4.833333333333333
1,3,78,0,37.0,1,1,52.5542,0,0,1,12,2,2,0,11751.0,1,3,35.0,3,0,17.518066666666666
0,2,142,0,54.0,1,0,26.0,0,0,1,15,5,5,0,244252.0,1,5,4.0,2,0,13.0
0,1,673,0,35.49868311607336,0,0,7.25,0,0,1,12,2,0,0,362316.0,1,5,4.0,1,1,7.25
0,1,790,1,29.0,1,1,10.4625,0,0,1,13,3,0,0,347054.0,1,6,6.0,3,0,3.4875000000000003
0,3,782,0,62.0,0,0,26.55,0,0,1,12,2,5,0,113514.0,1,2,87.0,1,1,26.55
0,1,487,0,30.0,1,0,16.1,0,0,1,12,2,0,4,5.0,1,4,42.0,2,0,8.05
0,1,701,1,41.0,0,2,20.2125,0,0,1,13,3,5,0,370129.0,1,6,6.0,3,0,6.7375
1,1,819,1,29.0,0,2,15.2458,1,0,0,13,3,0,0,2650.0,1,6,6.0,3,0,5.081933333333333
1,3,808,1,47.57963260444198,0,0,79.2,1,0,0,13,3,2,16,17585.0,1,3,29.0,1,1,79.2
1,3,156,1,30.0,0,0,86.5,0,0,1,9,1,2,0,110152.0,1,1,77.0,1,1,86.5
1,3,844,1,35.0,0,0,512.3292,1,0,0,9,1,3,16,17755.0,1,2,83.0,1,1,512.3292
1,2,636,1,50.0,0,1,26.0,0,0,1,13,3,5,0,230433.0,1,3,29.0,2,0,13.0
0,1,771,0,33.82543822381517,0,0,7.75,0,1,0,12,2,0,0,384461.0,1,5,4.0,1,1,7.75
1,1,43,0,3.0,4,2,31.3875,0,0,1,8,0,5,0,347077.0,1,5,4.0,7,0,4.483928571428572
0,3,798,0,52.0,1,1,79.65,0,0,1,12,2,2,0,110413.0,1,4,67.0,3,0,26.55
0,3,340,0,40.0,0,0,0.0,0,0,1,12,2,0,0,112059.0,1,1,94.0,1,1,0.0
0,1,356,1,18.430585066452817,0,0,7.75,0,1,0,9,1,0,0,382649.0,1,6,6.0,1,1,7.75
0,2,674,0,36.0,0,0,10.5,0,0,1,12,2,0,7,17248.0,1,3,29.0,1,1,10.5
0,1,629,0,16.0,4,1,39.6875,0,0,1,12,2,5,0,3101295.0,1,5,4.0,6,0,6.614583333333333
1,1,652,0,25.0,1,0,7.775,0,0,1,12,2,0,0,347083.0,1,5,4.0,2,0,3.8875
1,3,305,1,58.0,0,1,153.4625,0,0,1,13,3,4,16,17582.0,1,2,125.0,2,0,76.73125
1,3,91,1,35.0,0,0,135.6333,0,0,1,9,1,4,16,17760.0,1,2,99.0,1,1,135.6333
0,3,125,0,38.7035735536521,0,0,31.0,0,0,1,12,2,5,0,113798.0,1,0,20.0,1,1,31.0
1,1,817,0,25.0,0,0,0.0,0,0,1,12,2,0,14,0.0,1,5,4.0,1,1,0.0
1,2,529,1,41.0,0,1,19.5,0,0,1,13,3,5,0,250644.0,1,3,29.0,2,0,9.75
0,3,577,0,37.0,0,1,29.7,1,0,0,12,2,5,16,17596.0,1,2,118.0,2,0,14.85
1,1,350,1,18.887202478434144,0,0,7.75,0,1,0,9,1,0,0,370375.0,1,6,6.0,1,1,7.75
1,3,33,1,63.0,1,0,77.9583,0,0,1,9,1,2,0,13502.0,1,3,7.0,2,0,38.97915
0,1,482,1,45.0,0,0,7.75,0,0,1,9,1,0,0,347073.0,1,4,42.0,1,1,7.75
0,2,634,0,40.56631088117868,0,0,0.0,0,0,1,12,2,0,0,239853.0,1,5,4.0,1,1,0.0
0,1,681,0,7.0,4,1,29.125,0,1,0,8,0,5,0,382652.0,1,5,4.0,6,0,4.854166666666667
1,1,2,1,35.0,1,1,20.25,0,0,1,13,3,5,7,2673.0,1,6,6.0,3,0,6.75
0,1,227,0,65.0,0,0,7.75,0,1,0,12,2,0,0,336439.0,1,5,4.0,1,1,7.75
0,1,614,0,28.0,0,0,7.8542,0,0,1,12,2,0,0,347464.0,1,5,4.0,1,1,7.8542
0,1,887,0,16.0,0,0,9.5,0,0,1,12,2,0,0,345778.0,1,4,42.0,1,1,9.5
1,1,221,0,19.0,0,0,8.05,0,0,1,12,2,0,4,5.0,1,5,4.0,1,1,8.05
0,3,770,0,50.15407773544554,0,0,26.0,0,0,1,12,2,5,0,113056.0,1,0,19.0,1,1,26.0
0,1,779,0,33.0,0,0,8.6625,1,0,0,12,2,0,0,349239.0,1,4,42.0,1,1,8.6625
1,1,886,0,30.0,0,0,9.5,0,0,1,12,2,0,0,345774.0,1,4,42.0,1,1,9.5
0,1,570,0,22.0,0,0,7.8958,0,0,1,12,2,0,0,349206.0,1,5,4.0,1,1,7.8958
1,2,378,0,42.0,0,0,13.0,0,0,1,12,2,0,0,237798.0,1,3,29.0,1,1,13.0
1,1,177,1,22.0,0,0,7.75,0,1,0,9,1,0,0,370373.0,1,6,6.0,1,1,7.75
1,3,65,1,26.0,0,0,78.85,0,0,1,9,1,2,0,19877.0,1,3,29.0,1,1,78.85
1,3,90,1,19.0,1,0,91.0792,1,0,0,13,3,2,0,11967.0,1,1,49.0,2,0,45.5396
0,2,477,0,36.0,0,0,12.875,1,0,0,12,2,0,29,2163.0,1,3,29.0,1,1,12.875
0,1,315,1,24.0,0,0,8.85,0,0,1,9,1,0,0,349236.0,1,6,6.0,1,1,8.85
0,1,541,0,24.0,0,0,7.8958,0,0,1,12,2,0,0,349233.0,1,5,4.0,1,1,7.8958
0,3,478,0,52.411216213466886,0,0,27.7208,1,0,0,12,2,5,16,17612.0,1,4,42.0,1,1,27.7208
0,1,324,0,23.5,0,0,7.2292,1,0,0,12,2,0,0,2693.0,1,5,4.0,1,1,7.2292
0,3,16,1,2.0,1,2,151.55,0,0,1,9,1,4,0,113781.0,2,2,22.0,4,0,37.8875
1,3,714,0,48.96262447257493,0,0,30.5,0,0,1,12,2,5,0,19988.0,1,2,106.0,1,1,30.5
1,3,70,1,50.0,0,1,247.5208,1,0,0,13,3,1,16,17558.0,2,1,58.0,2,0,123.7604
1,1,431,1,21.76153102364881,0,0,7.75,0,1,0,9,1,0,0,9234.0,1,6,6.0,1,1,7.75
1,1,518,0,32.30266580605176,2,0,23.25,0,1,0,12,2,5,0,367226.0,1,4,42.0,3,0,7.75
0,1,412,0,19.0,0,0,0.0,0,0,1,12,2,0,14,0.0,1,5,4.0,1,1,0.0
1,2,429,1,25.879025808584792,0,0,12.35,0,1,0,9,1,0,0,226593.0,1,4,101.0,1,1,12.35
0,1,868,0,39.50078231212479,0,0,8.05,0,0,1,12,2,0,4,5.0,1,5,4.0,1,1,8.05
1,3,18,0,0.92,1,2,151.55,0,0,1,8,0,4,0,113781.0,2,2,22.0,4,0,37.8875
1,3,248,1,35.722889147936186,0,0,110.8833,1,0,0,9,1,4,0,17421.0,1,2,83.0,1,1,110.8833
1,3,647,1,17.0,1,0,108.9,1,0,0,13,3,4,16,17758.0,1,2,65.0,2,0,54.45
0,2,3,0,30.0,1,0,24.0,1,0,0,12,2,5,15,3381.0,1,3,29.0,2,0,12.0
1,3,263,1,30.0,0,0,56.9292,1,0,0,9,1,2,16,17485.0,1,4,36.0,1,1,56.9292
1,3,349,1,24.0,0,0,83.1583,1,0,0,9,1,2,0,11767.0,1,2,54.0,1,1,83.1583
1,3,710,1,18.0,2,2,262.375,1,0,0,9,1,1,16,17608.0,4,1,57.0,5,0,52.475
0,2,449,1,26.0,1,1,26.0,0,0,1,13,3,5,0,250651.0,1,3,29.0,3,0,8.666666666666666
0,1,355,0,28.0,0,0,7.8958,0,0,1,12,2,0,0,349243.0,1,5,4.0,1,1,7.8958
0,2,341,0,43.0,1,1,26.25,0,0,1,12,2,5,12,13529.0,1,5,4.0,3,0,8.75
1,1,590,1,26.0,0,0,7.8542,0,0,1,9,1,0,0,347470.0,1,4,42.0,1,1,7.8542
1,2,423,1,24.0,1,0,26.0,0,0,1,13,3,5,0,244367.0,1,3,29.0,2,0,13.0
0,2,555,0,54.0,0,0,14.0,0,0,1,4,5,0,0,29011.0,1,4,42.0,1,1,14.0
1,3,860,1,31.0,0,2,164.8667,0,0,1,9,1,4,0,36928.0,1,2,7.0,3,0,54.95556666666667
1,3,775,1,40.0,1,1,134.5,1,0,0,13,3,4,0,16966.0,1,4,34.0,3,0,44.833333333333336
0,1,211,0,22.0,0,0,7.25,0,0,1,12,2,0,4,5.0,1,5,4.0,1,1,7.25
0,1,200,0,27.0,0,0,7.8958,0,0,1,12,2,0,0,349219.0,1,5,4.0,1,1,7.8958
1,2,762,1,30.0,0,0,12.35,0,1,0,9,1,0,0,234818.0,1,4,42.0,1,1,12.35
1,2,127,1,22.0,1,1,29.0,0,0,1,13,3,5,0,248738.0,1,3,29.0,3,0,9.666666666666666
0,1,720,0,14.674353855521286,8,2,69.55,0,0,1,12,2,2,10,2343.0,1,5,4.0,11,0,6.322727272727272
1,3,877,1,36.0,0,0,135.6333,1,0,0,9,1,4,16,17760.0,1,2,32.0,1,1,135.6333
0,1,598,0,61.0,0,0,6.2375,0,0,1,12,2,0,0,345364.0,1,5,4.0,1,1,6.2375
1,2,60,1,36.0,0,0,13.0,0,0,1,13,3,0,0,28551.0,1,3,29.0,1,1,13.0
1,1,294,1,31.0,1,1,20.525,0,0,1,13,3,5,0,363291.0,1,6,6.0,3,0,6.841666666666666
1,3,363,1,16.0,0,1,57.9792,1,0,0,9,1,2,0,111361.0,1,1,18.0,2,0,28.9896
1,1,517,1,20.154585058655123,2,0,23.25,0,1,0,9,1,5,0,367226.0,1,5,4.0,3,0,7.75
0,3,637,0,45.5,0,0,28.5,0,0,1,12,2,5,0,113043.0,1,2,124.0,1,1,28.5
0,3,303,0,38.0,0,1,153.4625,0,0,1,12,2,4,16,17582.0,1,2,91.0,2,0,76.73125
0,1,839,0,16.0,2,0,18.0,0,0,1,12,2,0,0,345764.0,1,4,42.0,3,0,6.0
1,3,265,1,36.94192933747105,1,0,133.65,0,0,1,13,3,4,16,17611.0,1,1,50.0,2,0,66.825
0,1,210,0,26.121722620683514,0,0,7.8958,0,0,1,12,2,0,0,349225.0,1,5,4.0,1,1,7.8958
0,3,643,0,29.0,1,0,66.6,0,0,1,12,2,2,0,113776.0,1,2,2.0,2,0,33.3
1,3,117,1,41.0,0,0,134.5,1,0,0,9,1,4,0,16966.0,1,4,40.0,1,1,134.5
1,1,192,0,45.0,0,0,8.05,0,0,1,12,2,0,0,7598.0,1,5,4.0,1,1,8.05
0,3,93,0,45.0,0,0,35.5,0,0,1,12,2,5,0,113784.0,1,7,0.0,1,1,35.5
1,2,578,0,2.0,1,1,26.0,0,0,1,8,0,5,0,230080.0,1,5,2.0,3,0,8.666666666666666
1,3,258,1,24.0,3,2,263.0,0,0,1,9,1,1,0,19950.0,3,2,23.0,6,0,43.833333333333336
0,2,170,0,28.0,0,0,13.0,0,0,1,12,2,0,0,248740.0,1,3,29.0,1,1,13.0
0,2,733,0,25.0,0,0,13.0,0,0,1,12,2,0,0,244361.0,1,3,29.0,1,1,13.0
0,2,262,0,36.0,0,0,13.0,0,0,1,12,2,0,0,229236.0,1,3,29.0,1,1,13.0
1,2,111,1,24.0,0,0,13.0,0,0,1,9,1,0,0,248733.0,1,5,33.0,1,1,13.0
1,2,769,1,40.0,0,0,13.0,0,0,1,9,1,0,0,31418.0,1,4,42.0,1,1,13.0
1,1,207,1,30.03108094057536,1,0,16.1,0,0,1,13,3,0,0,386525.0,1,6,6.0,2,0,8.05
1,1,183,0,3.0,1,1,15.9,0,0,1,8,0,0,7,37671.0,1,5,4.0,3,0,5.3
0,1,215,0,42.0,0,0,8.6625,0,0,1,12,2,0,0,315088.0,1,5,4.0,1,1,8.6625
0,1,608,0,23.0,0,0,9.225,0,0,1,12,2,0,0,7267.0,1,4,42.0,1,1,9.225
0,3,870,0,56.25308592615602,0,0,35.0,0,0,1,12,2,5,0,113510.0,1,2,128.0,1,1,35.0
0,1,237,0,15.0,1,1,7.2292,1,0,0,12,2,0,0,2695.0,1,5,4.0,3,0,2.409733333333333
0,1,37,0,25.0,1,0,17.8,0,0,1,12,2,0,0,349237.0,1,4,42.0,2,0,8.9
0,1,879,0,44.86107610897244,0,0,7.225,1,0,0,12,2,0,0,2647.0,1,5,4.0,1,1,7.225
0,1,835,0,28.0,0,0,9.5,0,0,1,12,2,0,0,345783.0,1,4,42.0,1,1,9.5
1,3,104,1,22.0,0,1,55.0,0,0,1,9,1,2,0,113505.0,1,4,33.0,2,0,27.5
0,2,270,1,38.0,0,0,13.0,0,0,1,9,1,0,0,237671.0,1,4,42.0,1,1,13.0
1,1,522,1,19.010151082399283,0,0,7.8792,0,1,0,9,1,0,0,330931.0,1,6,6.0,1,1,7.8792
1,1,545,1,19.32455253859455,0,0,7.8792,0,1,0,9,1,0,0,330980.0,1,6,6.0,1,1,7.8792
0,1,759,0,40.0,1,4,27.9,0,0,1,12,2,5,0,347088.0,1,5,4.0,6,0,4.6499999999999995
0,2,888,0,29.0,1,0,27.7208,1,0,0,12,2,5,28,2167.0,1,5,4.0,2,0,13.8604
0,1,63,1,45.0,0,1,14.4542,1,0,0,13,3,0,0,2691.0,1,4,42.0,2,0,7.2271
0,1,40,0,35.0,0,0,7.05,0,0,1,12,2,0,33,3101310.0,1,5,4.0,1,1,7.05
0,1,599,0,38.30716169041035,1,0,15.5,0,1,0,12,2,0,0,370365.0,1,4,42.0,2,0,7.75
0,1,5,0,30.0,0,0,7.25,0,0,1,12,2,0,6,7076.0,1,5,4.0,1,1,7.25
1,3,845,1,60.0,1,0,75.25,1,0,0,13,3,2,0,110813.0,1,3,37.0,2,0,37.625
1,1,562,1,32.30145991934126,0,0,7.2292,1,0,0,13,3,0,0,2626.0,1,5,4.0,1,1,7.2292
1,1,400,1,25.6541765408485,0,0,7.75,0,1,0,9,1,0,0,14313.0,1,4,42.0,1,1,7.75
1,3,48,1,24.0,0,0,69.3,1,0,0,11,3,2,16,17477.0,1,1,35.0,1,1,69.3
1,3,328,0,25.0,1,0,55.4417,1,0,0,12,2,2,0,11765.0,1,4,50.0,2,0,27.72085
0,1,863,0,18.0,1,0,6.4958,0,0,1,12,2,0,0,3101267.0,1,5,4.0,2,0,3.2479
0,1,75,0,19.0,0,0,8.05,0,0,1,12,2,0,0,323951.0,1,5,4.0,1,1,8.05
0,3,690,0,22.0,0,0,135.6333,1,0,0,12,2,4,16,17760.0,1,1,50.0,1,1,135.6333
0,1,626,1,3.0,3,1,21.075,0,0,1,9,1,5,0,349909.0,1,6,6.0,5,0,4.215
1,3,536,1,32.894879971025865,1,0,82.1708,1,0,0,13,3,2,16,17604.0,1,2,83.0,2,0,41.0854
1,1,454,1,22.0,0,0,7.25,0,0,1,9,1,0,6,7077.0,1,6,6.0,1,1,7.25
0,3,862,0,27.0,0,2,211.5,1,0,0,12,2,1,0,113503.0,1,2,82.0,3,0,70.5
0,1,85,0,20.0,0,0,4.0125,1,0,0,12,2,0,0,2648.0,1,5,4.0,1,1,4.0125
0,1,314,0,19.0,0,0,7.775,0,0,1,12,2,0,0,347069.0,1,5,4.0,1,1,7.775
1,3,86,1,42.0,0,0,227.525,1,0,0,9,1,1,16,17757.0,1,2,83.0,1,1,227.525
1,1,572,1,1.0,0,2,15.7417,1,0,0,9,1,0,0,2653.0,1,6,6.0,3,0,5.247233333333333
0,1,811,0,32.0,0,0,7.925,0,0,1,12,2,0,36,2.0,1,4,42.0,1,1,7.925
1,3,373,1,35.0,1,0,52.0,0,0,1,13,3,2,0,113789.0,1,2,83.0,2,0,26.0
0,1,665,0,22.976380420498927,0,0,7.8958,0,0,1,12,2,0,0,349227.0,1,5,4.0,1,1,7.8958
0,2,204,0,18.0,0,0,73.5,0,0,1,12,2,2,21,14879.0,1,3,29.0,1,1,73.5
0,1,301,0,1.0,5,2,46.9,0,0,1,8,0,5,9,2144.0,1,5,4.0,8,0,5.8625
1,2,118,1,36.0,0,0,13.0,0,0,1,9,1,0,0,27849.0,1,4,42.0,1,1,13.0
0,1,715,0,37.65369836325376,0,0,7.7292,0,1,0,12,2,0,0,367655.0,1,5,4.0,1,1,7.7292
1,2,468,1,17.0,0,0,12.0,1,0,0,9,1,0,25,1748.0,1,5,4.0,1,1,12.0
1,3,145,0,36.0,1,2,120.0,0,0,1,12,2,4,0,113760.0,2,1,96.0,4,0,30.0
1,1,393,0,21.0,0,0,7.7958,0,0,1,12,2,0,0,350034.0,1,5,4.0,1,1,7.7958
0,1,313,0,28.0,2,0,7.925,0,0,1,12,2,0,0,3101277.0,1,4,42.0,3,0,2.6416666666666666
1,3,584,1,23.0,1,0,113.275,1,0,0,9,1,4,0,35273.0,1,3,36.0,2,0,56.6375
1,1,727,1,24.0,0,2,16.7,0,0,1,13,3,0,17,9549.0,1,6,6.0,3,0,5.566666666666666
0,1,404,0,22.0,0,0,7.7958,0,0,1,12,2,0,0,350052.0,1,5,4.0,1,1,7.7958
0,1,613,1,31.0,0,0,7.8542,0,0,1,9,1,0,0,350407.0,1,4,42.0,1,1,7.8542
0,2,524,0,46.0,0,0,26.0,0,0,1,12,2,5,0,28403.0,1,5,4.0,1,1,26.0
0,2,623,0,23.0,0,0,10.5,0,0,1,4,5,0,0,244278.0,1,5,4.0,1,1,10.5
1,2,821,1,28.0,0,0,12.65,0,0,1,13,3,0,0,240929.0,1,3,29.0,1,1,12.65
1,1,592,0,39.0,0,0,7.925,0,0,1,12,2,0,36,2.0,1,5,4.0,1,1,7.925
0,1,6,0,26.0,0,0,8.05,0,0,1,12,2,0,0,341826.0,1,4,42.0,1,1,8.05
0,1,419,1,21.0,1,0,9.825,0,0,1,9,1,0,0,4137.0,1,6,6.0,2,0,4.9125
0,1,318,0,28.0,1,0,15.85,0,0,1,12,2,0,35,2.0,1,4,42.0,2,0,7.925
0,1,617,1,20.0,0,0,8.6625,0,0,1,9,1,0,0,315096.0,1,6,6.0,1,1,8.6625
0,2,274,0,34.0,1,0,21.0,0,0,1,12,2,5,0,28664.0,1,3,29.0,2,0,10.5
0,1,861,0,51.0,0,0,7.75,0,0,1,12,2,0,0,347064.0,1,5,4.0,1,1,7.75
1,2,688,0,3.0,1,1,18.75,0,0,1,8,0,0,0,29106.0,1,5,4.0,3,0,6.25
0,1,88,0,21.0,0,0,7.775,0,0,1,12,2,0,0,312992.0,1,5,4.0,1,1,7.775
0,1,465,1,10.511316414463003,3,1,25.4667,0,0,1,9,1,5,0,4133.0,1,5,4.0,5,0,5.0933399999999995
0,1,732,0,22.614031354908498,0,0,7.8958,0,0,1,12,2,0,0,349222.0,1,5,4.0,1,1,7.8958
0,1,344,0,28.033524843099197,0,0,6.8583,0,1,0,12,2,0,0,394140.0,1,5,4.0,1,1,6.8583
1,3,539,1,33.0,1,0,90.0,0,1,0,9,1,2,0,19928.0,1,2,78.0,2,0,45.0
0,2,191,0,38.32660647822313,0,0,0.0,0,0,1,12,2,0,0,239853.0,1,5,4.0,1,1,0.0
1,1,792,0,44.0,0,0,7.925,0,0,1,12,2,0,36,2.0,1,5,4.0,1,1,7.925
0,1,528,1,33.75987829815737,0,0,8.05,0,0,1,13,3,0,0,343095.0,1,6,6.0,1,1,8.05
1,2,226,1,34.0,1,1,32.5,0,0,1,13,3,5,0,28220.0,1,5,4.0,3,0,10.833333333333334
1,2,742,1,18.0,0,2,13.0,0,0,1,9,1,0,0,250652.0,1,5,4.0,3,0,4.333333333333333
0,2,513,0,30.0,0,0,13.0,0,0,1,12,2,0,0,28228.0,1,3,29.0,1,1,13.0
0,1,829,1,10.0,0,2,24.15,0,0,1,9,1,5,0,345773.0,1,5,4.0,3,0,8.049999999999999
0,1,281,0,24.590629230255157,0,0,7.8958,1,0,0,12,2,0,0,349254.0,1,5,4.0,1,1,7.8958
0,1,155,0,21.0,0,0,7.7333,0,1,0,12,2,0,4,5.0,1,5,4.0,1,1,7.7333
0,1,884,0,29.0,0,0,7.875,0,0,1,12,2,0,0,315082.0,1,5,4.0,1,1,7.875
0,1,198,1,28.0,1,1,14.4,0,0,1,13,3,0,0,347080.0,1,4,42.0,3,0,4.8
0,1,702,0,18.0,1,1,20.2125,0,0,1,12,2,5,0,370129.0,1,5,4.0,3,0,6.7375
0,1,872,0,35.15750625481344,0,0,7.25,0,0,1,12,2,0,4,4.0,1,5,4.0,1,1,7.25
1,2,162,1,28.0,1,0,26.0,0,0,1,13,3,5,0,2003.0,1,3,29.0,2,0,13.0
1,2,662,1,19.0,0,0,26.0,0,0,1,9,1,5,0,250655.0,1,5,4.0,1,1,26.0
0,1,249,0,40.61724762062592,0,0,7.75,0,1,0,12,2,0,0,364851.0,1,5,4.0,1,1,7.75
1,1,663,0,32.0,0,0,8.05,0,0,1,12,2,0,33,392078.0,1,4,10.0,1,1,8.05
1,3,92,0,28.0,0,0,26.55,0,0,1,12,2,5,0,110564.0,1,2,52.0,1,1,26.55
1,1,810,1,22.760046433713843,1,0,16.1,0,0,1,13,3,0,0,376564.0,1,6,6.0,2,0,8.05
1,2,491,1,42.0,1,0,26.0,0,0,1,13,3,5,26,3085.0,1,3,29.0,2,0,13.0
0,1,420,0,17.0,0,0,7.125,0,0,1,12,2,0,36,2.0,1,5,4.0,1,1,7.125
0,3,744,0,50.0,1,0,55.9,0,0,1,12,2,2,0,13507.0,1,4,44.0,2,0,27.95
1,3,144,1,14.0,1,2,120.0,0,0,1,9,1,4,0,113760.0,2,1,96.0,4,0,30.0
0,1,253,1,21.0,2,2,34.375,0,0,1,9,1,5,38,6608.0,1,5,4.0,5,0,6.875
1,2,687,1,24.0,2,3,18.75,0,0,1,13,3,0,0,29106.0,1,3,29.0,6,0,3.125
0,3,261,0,64.0,1,4,263.0,0,0,1,12,2,1,0,19950.0,3,2,23.0,6,0,43.833333333333336
0,2,447,0,31.0,0,0,10.5,0,0,1,12,2,0,7,18723.0,1,3,29.0,1,1,10.5
1,2,342,1,45.0,1,1,26.25,0,0,1,13,3,5,12,13529.0,1,3,29.0,3,0,8.75
0,1,323,0,20.0,0,0,9.5,0,0,1,12,2,0,0,345769.0,1,5,4.0,1,1,9.5
0,1,659,0,25.0,1,0,7.775,0,0,1,12,2,0,0,347076.0,1,5,4.0,2,0,3.8875
1,2,679,1,28.0,0,0,13.0,0,0,1,14,1,0,0,230434.0,1,3,29.0,1,1,13.0
1,1,402,0,29.736540611998844,0,0,8.1125,0,0,1,12,2,0,0,65306.0,1,4,42.0,1,1,8.1125
1,3,216,0,4.0,0,2,81.8583,0,0,1,8,0,2,0,33638.0,1,0,34.0,3,0,27.2861
1,2,530,1,13.0,0,1,19.5,0,0,1,9,1,5,0,250644.0,1,5,4.0,2,0,9.75
1,3,735,0,34.0,0,0,26.55,0,0,1,12,2,5,0,113794.0,1,2,83.0,1,1,26.55
1,1,55,1,5.0,2,1,19.2583,1,0,0,9,1,0,0,2666.0,1,6,6.0,4,0,4.814575
1,3,661,0,52.0,0,0,30.5,0,0,1,7,5,5,0,113786.0,1,2,104.0,1,1,30.5
0,2,854,0,36.0,1,2,27.75,0,0,1,12,2,5,7,34651.0,1,5,4.0,4,0,6.9375
0,1,316,0,28.09855341463611,1,0,19.9667,0,0,1,12,2,5,0,65303.0,1,4,42.0,2,0,9.98335
0,3,257,0,30.0,0,0,27.75,1,0,0,12,2,5,0,113051.0,1,2,111.0,1,1,27.75
1,3,290,0,49.0,1,0,89.1042,1,0,0,12,2,2,0,17453.0,1,2,92.0,2,0,44.5521
0,1,644,0,26.162162915853795,0,0,8.05,0,0,1,12,2,0,4,5.0,1,4,42.0,1,1,8.05
1,1,392,0,29.0,0,0,7.8958,1,0,0,12,2,0,0,349240.0,1,5,4.0,1,1,7.8958
0,3,537,0,65.0,0,0,26.55,0,0,1,12,2,5,0,13509.0,1,4,38.0,1,1,26.55
1,3,436,1,37.47133613599817,1,0,51.8625,0,0,1,13,3,2,0,17464.0,1,3,21.0,2,0,25.93125
1,2,815,1,50.0,0,0,10.5,0,0,1,9,1,0,12,13531.0,1,4,42.0,1,1,10.5
0,1,603,0,35.723695600597225,0,0,7.75,0,1,0,12,2,0,0,371060.0,1,5,4.0,1,1,7.75
1,3,21,0,48.0,0,0,26.55,0,0,1,12,2,5,0,19952.0,1,4,12.0,1,1,26.55
0,1,557,0,34.0,0,0,8.05,0,0,1,12,2,0,0,364506.0,1,4,42.0,1,1,8.05
0,3,280,0,47.0,0,0,38.5,0,0,1,12,2,5,0,111320.0,1,4,63.0,1,1,38.5
0,2,538,0,48.0,0,0,13.0,0,0,1,12,2,0,0,234360.0,1,3,29.0,1,1,13.0
0,1,502,0,28.044755605636364,0,0,8.05,0,0,1,12,2,0,5,2816.0,1,4,42.0,1,1,8.05
0,1,296,0,38.0,0,0,7.05,0,0,1,12,2,0,33,3101306.0,1,5,4.0,1,1,7.05
0,2,132,0,31.209205446416938,0,0,0.0,0,0,1,12,2,0,0,239853.0,1,5,4.0,1,1,0.0
0,3,766,0,56.0,0,0,26.55,0,0,1,12,2,5,0,113792.0,1,4,42.0,1,1,26.55
0,1,731,0,25.525617640072916,0,0,7.725,0,1,0,12,2,0,0,36209.0,1,5,4.0,1,1,7.725
1,1,54,1,0.75,2,1,19.2583,1,0,0,9,1,0,0,2666.0,1,6,6.0,4,0,4.814575
0,1,430,0,34.78373205028729,0,0,7.25,0,0,1,12,2,0,0,323592.0,1,5,4.0,1,1,7.25
0,1,123,0,38.0,0,0,8.6625,0,0,1,12,2,0,0,315089.0,1,5,4.0,1,1,8.6625
1,2,855,1,33.0,1,2,27.75,0,0,1,13,3,5,7,34651.0,1,5,4.0,4,0,6.9375
1,2,401,1,23.0,0,0,13.7917,1,0,0,13,3,0,27,541.0,1,3,29.0,1,1,13.7917
0,1,787,1,22.0,0,0,9.8375,0,0,1,9,1,0,0,7553.0,1,6,6.0,1,1,9.8375
0,3,164,0,36.24275197163174,0,0,52.0,0,0,1,12,2,2,0,110465.0,1,0,14.0,1,1,52.0
0,2,676,0,34.0,1,0,21.0,0,0,1,12,2,5,0,31027.0,1,3,29.0,2,0,10.5
0,1,107,0,29.0,1,0,7.0458,0,0,1,12,2,0,0,3460.0,1,5,4.0,2,0,3.5229
0,1,425,0,22.0,0,0,7.5208,0,0,1,12,2,0,0,350060.0,1,5,4.0,1,1,7.5208
1,1,365,1,2.0,0,1,12.2875,0,0,1,9,1,0,0,3101298.0,1,6,6.0,2,0,6.14375
0,1,299,0,9.0,5,2,46.9,0,0,1,8,0,5,9,2144.0,1,5,4.0,8,0,5.8625
0,2,268,0,40.20455396078464,0,0,0.0,0,0,1,12,2,0,0,239854.0,1,5,4.0,1,1,0.0
0,1,706,0,50.0,0,0,8.05,0,0,1,12,2,0,4,5.0,1,4,42.0,1,1,8.05
1,1,825,1,63.0,0,0,9.5875,0,0,1,13,3,0,0,4134.0,1,6,6.0,1,1,9.5875
1,3,89,0,25.0,1,0,91.0792,1,0,0,12,2,2,0,11967.0,1,1,49.0,2,0,45.5396
0,1,466,1,10.281785774732196,3,1,25.4667,0,0,1,9,1,5,0,4133.0,1,5,4.0,5,0,5.0933399999999995
1,3,380,1,35.0,1,0,90.0,0,0,1,13,3,2,0,19943.0,1,2,93.0,2,0,45.0
0,3,435,0,58.0,0,0,29.7,1,0,0,12,2,5,0,11771.0,1,1,37.0,1,1,29.7
0,1,774,0,30.0,0,0,8.05,0,0,1,12,2,0,2,5.0,1,4,42.0,1,1,8.05
1,1,182,0,9.0,1,1,15.9,0,0,1,8,0,0,7,37671.0,1,4,42.0,3,0,5.3
0,1,317,0,28.09855341463611,1,0,19.9667,0,0,1,12,2,5,0,65304.0,1,4,42.0,2,0,9.98335
0,1,871,0,21.0,0,0,7.25,0,0,1,12,2,0,34,3101317.0,1,5,4.0,1,1,7.25
0,3,547,0,55.0,0,0,30.5,0,0,1,12,2,5,0,113787.0,1,2,30.0,1,1,30.5
0,3,39,0,71.0,0,0,49.5042,1,0,0,12,2,2,16,17609.0,1,0,20.0,1,1,49.5042
0,1,781,0,21.0,0,0,8.05,0,0,1,12,2,0,4,4.0,1,5,4.0,1,1,8.05
0,1,880,0,31.59116337214375,0,0,14.4583,1,0,0,12,2,0,0,2627.0,1,4,42.0,1,1,14.4583
1,3,242,1,54.0,1,0,78.2667,1,0,0,9,1,2,0,36947.0,1,3,20.0,2,0,39.13335
0,1,738,0,22.477922780230866,0,0,15.1,0,0,1,12,2,0,7,6212.0,1,4,42.0,1,1,15.1
0,3,17,1,25.0,1,2,151.55,0,0,1,13,3,4,0,113781.0,2,2,22.0,4,0,37.8875
0,1,796,0,24.0,0,0,7.7958,0,0,1,12,2,0,0,350035.0,1,5,4.0,1,1,7.7958
0,1,130,0,17.0,0,0,8.6625,0,0,1,12,2,0,0,315086.0,1,5,4.0,1,1,8.6625
0,1,133,1,21.0,0,0,7.75,0,1,0,9,1,0,0,364846.0,1,6,6.0,1,1,7.75
0,1,607,1,23.065960124465835,0,0,7.6292,0,1,0,9,1,0,0,330909.0,1,6,6.0,1,1,7.6292
0,1,450,1,37.0,0,0,9.5875,0,0,1,9,1,0,0,4135.0,1,4,42.0,1,1,9.5875
1,3,501,1,16.0,0,0,86.5,0,0,1,9,1,2,0,110152.0,1,1,79.0,1,1,86.5
0,3,646,0,18.0,1,0,108.9,1,0,0,12,2,4,16,17758.0,1,2,65.0,2,0,54.45
1,2,669,1,33.0,0,2,26.0,0,0,1,13,3,5,0,26360.0,1,3,29.0,3,0,8.666666666666666
1,3,106,0,39.64379326921036,0,0,26.55,0,0,1,12,2,5,0,111427.0,1,2,83.0,1,1,26.55
0,1,610,0,28.0,0,0,22.525,0,0,1,12,2,5,6,4001.0,1,4,42.0,1,1,22.525
1,1,455,0,26.0,0,0,56.4958,0,0,1,12,2,2,0,1601.0,1,4,42.0,1,1,56.4958
1,1,195,0,29.0,0,0,7.75,0,1,0,12,2,0,0,382651.0,1,5,4.0,1,1,7.75
0,1,848,0,25.052981911695923,0,0,8.05,0,0,1,12,2,0,34,3101316.0,1,4,42.0,1,1,8.05
1,3,521,0,36.0,0,0,26.2875,0,0,1,12,2,5,16,17473.0,1,4,25.0,1,1,26.2875
1,3,705,1,54.0,1,0,59.4,1,0,0,13,3,2,16,17603.0,1,3,29.0,2,0,29.7
0,1,168,0,24.0,0,0,7.4958,0,0,1,12,2,0,0,349209.0,1,5,4.0,1,1,7.4958
0,3,843,0,47.0,0,0,34.0208,0,0,1,12,2,5,0,36967.0,1,3,46.0,1,1,34.0208
1,2,472,1,34.0,0,0,10.5,0,0,1,13,3,0,7,34260.0,1,5,33.0,1,1,10.5
0,1,709,0,33.508027302427166,0,0,24.15,0,1,0,12,2,5,0,371110.0,1,4,42.0,1,1,24.15
1,2,35,1,36.0,1,0,26.0,0,0,1,13,3,5,0,226875.0,1,3,29.0,2,0,13.0
0,1,641,0,32.0,0,0,7.8958,0,0,1,12,2,0,0,349242.0,1,5,4.0,1,1,7.8958
1,3,651,1,30.0,0,0,93.5,0,0,1,9,1,2,0,12749.0,1,1,73.0,1,1,93.5
0,1,841,0,22.0,0,0,7.8958,0,0,1,12,2,0,0,349252.0,1,5,4.0,1,1,7.8958
0,1,448,0,24.384673237737285,0,0,7.225,1,0,0,12,2,0,0,2624.0,1,5,4.0,1,1,7.225
1,3,364,1,44.0,0,1,57.9792,1,0,0,13,3,2,0,111361.0,1,1,18.0,2,0,28.9896
0,1,427,0,23.807113941920736,0,0,7.2292,1,0,0,12,2,0,0,2700.0,1,5,4.0,1,1,7.2292
0,1,244,0,40.5,0,0,7.75,0,1,0,12,2,0,0,367232.0,1,5,4.0,1,1,7.75
1,2,689,1,50.0,0,0,10.5,0,0,1,9,1,0,38,14258.0,1,4,42.0,1,1,10.5
0,3,245,0,26.157809017719995,0,0,221.7792,0,0,1,12,2,1,16,17483.0,1,2,95.0,1,1,221.7792
0,1,725,0,39.0,0,0,7.925,0,0,1,12,2,0,0,3101296.0,1,5,4.0,1,1,7.925
0,2,367,0,23.0,2,1,11.5,0,0,1,12,2,0,0,29104.0,1,3,29.0,4,0,2.875
1,2,670,1,2.0,1,1,26.0,0,0,1,9,1,5,0,26360.0,1,5,4.0,3,0,8.666666666666666
0,1,818,0,37.704977030584324,0,0,7.2292,1,0,0,12,2,0,0,2641.0,1,5,4.0,1,1,7.2292
0,1,236,0,17.0,1,1,7.2292,1,0,0,12,2,0,0,2690.0,1,5,4.0,3,0,2.409733333333333
1,1,654,1,27.281052547449118,0,2,22.3583,1,0,0,13,3,5,0,2668.0,1,6,6.0,3,0,7.452766666666666
0,1,124,1,30.0,0,0,8.6625,0,0,1,9,1,0,0,315084.0,1,4,42.0,1,1,8.6625
1,2,343,1,7.0,0,2,26.25,0,0,1,9,1,5,12,13529.0,1,5,4.0,3,0,8.75
0,3,120,0,45.0,0,0,26.55,0,0,1,7,5,5,0,113050.0,1,1,38.0,1,1,26.55
1,3,461,1,30.0,0,0,106.425,1,0,0,9,1,4,16,17761.0,1,3,29.0,1,1,106.425
0,1,692,0,34.58821220137727,0,0,14.5,0,0,1,12,2,0,0,364498.0,1,4,42.0,1,1,14.5
1,3,266,1,22.0,0,2,49.5,1,0,0,9,1,2,0,13568.0,1,1,39.0,3,0,16.5
1,3,188,1,36.0,0,2,71.0,0,0,1,9,1,2,41,5735.0,1,1,22.0,3,0,23.666666666666668
0,1,28,1,9.0,4,2,31.275,0,0,1,9,1,5,0,347082.0,1,5,4.0,7,0,4.4678571428571425
0,1,29,1,11.0,4,2,31.275,0,0,1,9,1,5,0,347082.0,1,5,4.0,7,0,4.4678571428571425
1,2,73,0,32.0,1,0,26.0,0,0,1,12,2,5,0,2908.0,1,3,29.0,2,0,13.0
0,3,222,0,50.0,1,0,106.425,1,0,0,12,2,4,16,17761.0,1,2,86.0,2,0,53.2125
0,3,587,0,64.0,0,0,26.0,0,0,1,12,2,5,0,693.0,1,4,42.0,1,1,26.0
1,2,74,1,19.0,1,0,26.0,0,0,1,13,3,5,0,2908.0,1,3,29.0,2,0,13.0
1,2,622,0,27.943468131663394,0,0,13.8625,1,0,0,12,2,0,28,2146.0,1,3,29.0,1,1,13.8625
0,1,293,0,33.0,1,1,20.525,0,0,1,12,2,5,0,363291.0,1,4,42.0,3,0,6.841666666666666
1,2,205,0,8.0,1,1,36.75,0,0,1,8,0,5,7,33112.0,1,5,4.0,3,0,12.25
1,3,805,0,17.0,0,2,110.8833,1,0,0,12,2,4,0,17421.0,1,2,70.0,3,0,36.9611
0,2,736,0,27.0,0,0,26.0,0,0,1,12,2,5,0,244358.0,1,5,4.0,1,1,26.0
0,1,601,0,35.70146481180048,0,0,7.8292,0,1,0,12,2,0,0,330979.0,1,5,4.0,1,1,7.8292
1,1,463,0,22.0,0,0,7.225,1,0,0,12,2,0,0,2620.0,1,5,4.0,1,1,7.225
1,1,609,1,22.0,0,0,7.775,0,0,1,9,1,0,0,347085.0,1,6,6.0,1,1,7.775
0,3,874,0,62.0,0,0,26.55,0,0,1,12,2,5,0,113807.0,1,2,83.0,1,1,26.55
1,3,228,1,48.0,1,0,39.6,1,0,0,6,4,5,0,11755.0,1,0,16.0,2,0,19.8
0,3,693,0,23.582307690305406,0,0,227.525,1,0,0,12,2,1,16,17757.0,1,2,83.0,1,1,227.525
1,3,799,1,39.0,1,1,79.65,0,0,1,13,3,2,0,110413.0,1,4,67.0,3,0,26.55
1,1,885,1,36.0,1,0,17.4,0,0,1,13,3,0,0,345572.0,1,6,6.0,2,0,8.7
0,1,558,0,29.64106259754842,0,0,7.75,0,1,0,12,2,0,0,372622.0,1,5,4.0,1,1,7.75
0,1,751,0,40.0,0,0,7.8958,0,0,1,12,2,0,0,349251.0,1,5,4.0,1,1,7.8958
0,2,593,0,28.0,0,0,13.5,0,0,1,12,2,0,0,218629.0,1,3,29.0,1,1,13.5
0,1,746,0,25.2940506305137,0,0,8.05,0,0,1,12,2,0,34,392082.0,1,4,42.0,1,1,8.05
0,1,527,1,20.33686451293937,0,0,8.05,0,0,1,9,1,0,33,392087.0,1,6,6.0,1,1,8.05
0,1,203,0,24.0,2,0,24.15,0,0,1,12,2,5,4,4.0,1,5,4.0,3,0,8.049999999999999
0,1,786,0,19.0,0,0,7.8958,0,0,1,12,2,0,0,349205.0,1,5,4.0,1,1,7.8958
0,1,625,1,29.0,0,4,21.075,0,0,1,13,3,5,0,349909.0,1,6,6.0,5,0,4.215
0,1,217,0,25.555351597457793,0,0,7.2292,1,0,0,12,2,0,0,2686.0,1,5,4.0,1,1,7.2292
1,1,416,0,32.0,0,0,7.8542,0,0,1,12,2,0,0,350417.0,1,5,4.0,1,1,7.8542
1,2,336,0,62.0,0,0,10.5,0,0,1,12,2,0,24,752.0,1,5,4.0,1,1,10.5
1,3,36,1,53.0,2,0,51.4792,0,0,1,13,3,2,0,11769.0,1,2,101.0,3,0,17.15973333333333
1,3,251,0,36.0,0,0,26.3875,0,0,1,12,2,5,16,17474.0,1,4,25.0,1,1,26.3875
1,1,434,1,24.013508916646387,0,0,7.75,0,1,0,9,1,0,0,14312.0,1,6,6.0,1,1,7.75
0,1,708,0,16.0,0,0,8.05,0,0,1,12,2,0,4,4.0,1,5,4.0,1,1,8.05
0,1,639,0,19.0,0,0,14.5,0,0,1,12,2,0,0,358585.0,1,4,42.0,1,1,14.5
1,2,277,1,34.0,0,0,13.0,0,0,1,9,1,0,0,243880.0,1,4,42.0,1,1,13.0
1,3,745,1,39.0,1,0,55.9,0,0,1,13,3,2,0,13507.0,1,4,44.0,2,0,27.95
0,1,135,1,22.389995936159494,1,0,14.4583,1,0,0,13,3,0,0,2689.0,1,6,6.0,2,0,7.22915
1,1,417,0,32.0,0,0,7.925,0,0,1,12,2,0,36,2.0,1,4,42.0,1,1,7.925
1,2,160,1,25.0,1,1,30.0,0,0,1,9,1,5,0,237789.0,1,5,4.0,3,0,10.0
1,3,804,1,39.0,1,1,110.8833,1,0,0,13,3,4,0,17421.0,1,2,68.0,3,0,36.9611
0,2,224,0,54.0,0,0,26.0,0,0,1,12,2,5,0,28403.0,1,5,4.0,1,1,26.0
0,3,703,0,36.0,0,0,40.125,1,0,0,12,2,5,0,13049.0,1,0,10.0,1,1,40.125
0,1,640,0,22.08871683931066,0,0,8.7125,1,0,0,12,2,0,0,3411.0,1,5,4.0,1,1,8.7125
1,3,800,1,18.0,0,2,79.65,0,0,1,9,1,2,0,110413.0,1,4,68.0,3,0,26.55
0,2,395,0,47.0,0,0,15.0,0,0,1,12,2,0,0,237565.0,1,3,29.0,1,1,15.0
1,3,267,0,60.0,1,1,79.2,1,0,0,12,2,2,0,13567.0,1,1,41.0,3,0,26.400000000000002
0,1,284,0,22.0,0,0,8.05,0,0,1,12,2,0,0,14973.0,1,5,4.0,1,1,8.05
0,1,566,0,31.158531974694064,0,0,8.05,0,0,1,12,2,0,3,5.0,1,4,42.0,1,1,8.05
0,1,691,0,35.0,0,0,7.125,0,0,1,12,2,0,36,2.0,1,5,4.0,1,1,7.125
1,3,783,1,52.0,1,0,78.2667,1,0,0,13,3,2,0,36947.0,1,3,20.0,2,0,39.13335
0,1,238,0,47.0,0,0,7.25,0,0,1,12,2,0,4,5.0,1,5,4.0,1,1,7.25
0,1,102,1,10.291463683597765,0,2,7.75,0,1,0,9,1,0,0,364848.0,1,6,6.0,3,0,2.5833333333333335
0,2,154,0,37.0,1,0,26.0,0,0,1,12,2,5,26,29037.0,1,5,4.0,2,0,13.0
0,1,830,0,36.0,1,1,24.15,0,0,1,12,2,5,0,345773.0,1,5,4.0,3,0,8.049999999999999
1,2,470,1,22.847879318211152,0,0,33.0,0,0,1,9,1,5,0,248727.0,1,5,4.0,1,1,33.0
0,1,407,0,49.0,0,0,0.0,0,0,1,12,2,0,14,0.0,1,5,4.0,1,1,0.0
0,1,97,0,25.41969590115846,0,0,7.225,1,0,0,12,2,0,0,2664.0,1,5,4.0,1,1,7.225
1,3,229,0,49.0,1,0,56.9292,1,0,0,16,4,2,16,17485.0,1,0,20.0,2,0,28.4646
1,2,391,1,24.0,2,1,27.0,0,0,1,13,3,5,0,243847.0,1,3,29.0,4,0,6.75
0,1,761,0,26.289901411258548,0,0,7.8958,0,0,1,12,2,0,0,349214.0,1,5,4.0,1,1,7.8958
0,3,335,0,36.53076493734656,0,0,42.4,0,0,1,12,2,5,0,113796.0,1,0,20.0,1,1,42.4
0,1,816,0,44.0,0,0,8.05,0,0,1,12,2,0,0,364511.0,1,5,4.0,1,1,8.05
1,3,374,0,35.0,0,0,26.55,1,0,0,12,2,5,0,111426.0,1,2,83.0,1,1,26.55
0,1,483,0,36.0,1,0,15.55,0,0,1,12,2,0,0,349910.0,1,4,42.0,2,0,7.775
0,1,424,0,30.0,0,0,7.8958,0,0,1,12,2,0,0,349246.0,1,5,4.0,1,1,7.8958
1,3,199,0,27.0,0,0,30.5,0,0,1,12,2,5,0,113804.0,1,2,83.0,1,1,30.5
1,2,456,1,22.0,1,2,41.5792,1,0,0,13,3,5,29,2123.0,1,3,29.0,4,0,10.3948
1,3,741,1,40.0,0,0,153.4625,0,0,1,9,1,4,16,17582.0,1,2,125.0,1,1,153.4625
0,1,23,1,39.0,1,5,31.275,0,0,1,13,3,5,0,347082.0,1,5,4.0,7,0,4.4678571428571425
0,1,394,0,30.48110142203034,0,0,7.05,0,0,1,12,2,0,33,3101305.0,1,5,4.0,1,1,7.05
1,1,568,1,18.177400605599217,1,0,15.5,0,1,0,9,1,0,0,367230.0,1,6,6.0,2,0,7.75
0,1,377,0,32.882827976077095,0,0,7.75,0,1,0,12,2,0,0,370377.0,1,5,4.0,1,1,7.75
0,1,110,0,35.0,0,0,8.05,0,0,1,12,2,0,0,364512.0,1,4,42.0,1,1,8.05
1,2,357,1,24.0,1,2,65.0,0,0,1,9,1,2,0,220845.0,1,5,4.0,4,0,16.25
0,1,197,0,34.0,1,1,14.4,0,0,1,12,2,0,0,347080.0,1,4,42.0,3,0,4.8
0,1,488,1,26.0,1,0,16.1,0,0,1,13,3,0,4,5.0,1,6,6.0,2,0,8.05
1,2,76,1,4.0,2,1,39.0,0,0,1,9,1,5,0,230136.0,1,5,4.0,4,0,9.75
0,2,279,0,26.0,0,0,10.5,0,0,1,12,2,0,0,31028.0,1,3,29.0,1,1,10.5
0,1,875,0,27.0,1,0,14.4542,1,0,0,12,2,0,0,2659.0,1,4,42.0,2,0,7.2271
1,3,439,0,42.0,1,0,52.5542,0,0,1,12,2,2,0,11753.0,1,3,19.0,2,0,26.2771
1,1,573,0,20.0,1,1,15.7417,1,0,0,12,2,0,0,2653.0,1,4,42.0,3,0,5.247233333333333
0,1,327,0,21.0,0,0,7.8542,0,0,1,12,2,0,0,350029.0,1,5,4.0,1,1,7.8542
0,1,103,0,21.0,0,0,16.1,0,0,1,12,2,0,0,54636.0,1,4,42.0,1,1,16.1
0,3,794,0,61.0,0,0,32.3208,0,0,1,12,2,5,0,36963.0,1,3,50.0,1,1,32.3208
0,2,442,0,57.0,0,0,12.35,0,1,0,15,5,0,0,219533.0,1,3,29.0,1,1,12.35
1,3,490,1,21.0,0,0,77.9583,0,0,1,9,1,2,0,13502.0,1,3,9.0,1,1,77.9583
0,1,96,0,26.0,0,0,7.8958,0,0,1,12,2,0,0,349224.0,1,5,4.0,1,1,7.8958
0,1,602,0,38.46927070830123,0,0,7.7333,0,1,0,12,2,0,0,334912.0,1,5,4.0,1,1,7.7333
1,3,66,0,80.0,0,0,30.0,0,0,1,12,2,5,0,27042.0,1,0,23.0,1,1,30.0
0,1,494,0,51.0,0,0,7.0542,0,0,1,12,2,0,0,347743.0,1,5,4.0,1,1,7.0542
1,3,777,0,32.0,0,0,30.5,1,0,0,4,5,5,0,13214.0,1,1,50.0,1,1,30.5
0,3,635,0,40.368599090245674,0,0,0.0,0,0,1,12,2,0,0,112052.0,1,1,50.0,1,1,0.0
0,1,757,1,9.0,3,2,27.9,0,0,1,9,1,5,0,347088.0,1,5,4.0,6,0,4.6499999999999995
1,2,206,1,28.0,0,0,13.0,0,0,1,9,1,0,0,237668.0,1,4,42.0,1,1,13.0
0,1,469,0,32.0,0,0,7.925,0,0,1,12,2,0,36,2.0,1,4,42.0,1,1,7.925
0,2,172,0,31.0,1,1,26.25,0,0,1,12,2,5,7,31921.0,1,3,29.0,3,0,8.75
0,1,631,1,41.0,0,5,39.6875,0,0,1,13,3,5,0,3101295.0,1,5,4.0,6,0,6.614583333333333
0,1,809,0,21.019504213925252,1,0,16.1,0,0,1,12,2,0,0,376564.0,1,4,42.0,2,0,8.05
0,1,397,0,20.0,0,0,7.8542,0,0,1,12,2,0,0,350050.0,1,5,4.0,1,1,7.8542
1,3,723,1,24.0,0,0,69.3,1,0,0,10,1,2,16,17477.0,1,1,35.0,1,1,69.3
0,1,758,1,2.0,3,2,27.9,0,0,1,9,1,5,0,347088.0,1,5,4.0,6,0,4.6499999999999995
1,1,252,0,27.185979807888543,0,0,56.4958,0,0,1,12,2,2,0,1601.0,1,4,42.0,1,1,56.4958
1,1,53,1,0.75,2,1,19.2583,1,0,0,9,1,0,0,2666.0,1,6,6.0,4,0,4.814575
1,3,332,0,48.0,1,0,76.7292,1,0,0,12,2,2,16,17572.0,1,3,33.0,2,0,38.3646
0,1,180,0,19.0,0,0,7.8958,0,0,1,12,2,0,0,349231.0,1,5,4.0,1,1,7.8958
1,3,747,0,56.0,0,0,35.5,1,0,0,1,5,5,0,13213.0,1,0,26.0,1,1,35.5
0,1,865,0,40.05516940180044,0,0,7.55,0,0,1,12,2,0,20,751.0,1,5,4.0,1,1,7.55
1,1,780,1,23.0,0,0,7.55,0,0,1,9,1,0,10,2314.0,1,6,6.0,1,1,7.55
0,1,544,0,29.800007511450527,0,0,7.8958,0,0,1,12,2,0,0,349221.0,1,5,4.0,1,1,7.8958
1,2,218,1,18.0,0,1,23.0,0,0,1,9,1,5,0,231919.0,1,5,4.0,2,0,11.5
0,1,421,0,21.0,0,0,8.4333,0,0,1,12,2,0,0,8475.0,1,5,4.0,1,1,8.4333
1,1,606,1,19.42318632712693,0,0,7.8292,0,1,0,9,1,0,0,330919.0,1,6,6.0,1,1,7.8292
0,1,352,1,18.0,0,0,6.75,0,1,0,9,1,0,0,365226.0,1,6,6.0,1,1,6.75
0,2,360,0,24.0,2,0,73.5,0,0,1,12,2,2,21,14879.0,1,3,29.0,3,0,24.5
0,1,671,0,26.15796569117664,0,0,7.8958,0,0,1,12,2,0,0,349223.0,1,5,4.0,1,1,7.8958
0,1,101,1,32.0,1,1,15.5,0,1,0,13,3,0,0,364849.0,1,6,6.0,3,0,5.166666666666667
0,2,232,0,23.0,0,0,13.0,0,0,1,12,2,0,0,29751.0,1,3,29.0,1,1,13.0
0,3,582,0,58.0,0,2,113.275,1,0,0,12,2,4,0,35273.0,1,3,48.0,3,0,37.75833333333333
1,3,264,0,50.0,2,0,133.65,0,0,1,4,5,4,16,17611.0,1,2,83.0,3,0,44.550000000000004
0,1,57,0,40.0,0,0,7.225,1,0,0,12,2,0,0,2623.0,1,5,4.0,1,1,7.225
0,3,171,0,47.0,0,0,25.5875,0,0,1,12,2,5,0,5727.0,1,4,58.0,1,1,25.5875
0,1,167,0,36.0,0,0,7.4958,0,0,1,12,2,0,0,349210.0,1,5,4.0,1,1,7.4958
1,1,484,0,20.0,1,0,7.925,0,0,1,12,2,0,36,2.0,1,5,4.0,2,0,3.9625
0,2,361,0,32.0,2,0,73.5,0,0,1,12,2,2,21,14879.0,1,3,29.0,3,0,24.5
0,2,119,0,25.0,0,0,13.0,0,0,1,12,2,0,0,234686.0,1,3,29.0,1,1,13.0
0,1,699,0,28.77270553982747,0,0,7.775,0,0,1,12,2,0,0,312993.0,1,5,4.0,1,1,7.775
0,1,179,0,43.0,0,0,8.05,0,0,1,12,2,0,4,5.0,1,5,4.0,1,1,8.05
1,3,802,1,41.07876276145704,1,0,52.0,0,0,1,13,3,2,0,19996.0,1,2,126.0,2,0,26.0
1,2,114,1,40.0,1,1,39.0,0,0,1,13,3,5,0,29750.0,1,5,4.0,3,0,13.0
0,3,202,0,31.0,1,0,52.0,0,0,1,12,2,2,11,12750.0,1,1,71.0,2,0,26.0
0,2,543,0,70.0,0,0,10.5,0,0,1,12,2,0,7,24580.0,1,5,4.0,1,1,10.5
1,2,864,0,31.0,0,0,13.0,0,0,1,12,2,0,0,244270.0,1,3,29.0,1,1,13.0
0,2,846,0,51.45337463904081,0,0,0.0,0,0,1,12,2,0,0,239856.0,1,5,4.0,1,1,0.0
0,1,231,0,18.0,0,0,7.775,0,0,1,12,2,0,0,349912.0,1,5,4.0,1,1,7.775
0,1,730,0,24.5,0,0,8.05,0,0,1,12,2,0,0,342826.0,1,4,42.0,1,1,8.05
1,1,824,1,18.0,0,0,9.8417,0,0,1,9,1,0,0,4138.0,1,6,6.0,1,1,9.8417
0,1,298,1,43.0,1,6,46.9,0,0,1,13,3,5,9,2144.0,1,5,4.0,8,0,5.8625
1,3,137,0,36.0,0,1,512.3292,1,0,0,12,2,3,16,17755.0,3,1,51.0,2,0,256.1646
0,1,655,1,16.25190878575116,0,0,8.1375,0,1,0,9,1,0,0,330935.0,1,6,6.0,1,1,8.1375
1,3,345,0,27.0,0,0,76.7292,1,0,0,12,2,2,16,17572.0,1,3,49.0,1,1,76.7292
0,1,615,0,20.0,0,0,9.225,0,0,1,12,2,0,0,6563.0,1,5,4.0,1,1,9.225
0,1,297,0,14.0,5,2,46.9,0,0,1,12,2,5,9,2144.0,1,5,4.0,8,0,5.8625
0,2,113,0,60.0,1,1,39.0,0,0,1,12,2,5,0,29750.0,1,5,4.0,3,0,13.0
0,2,457,0,25.0,1,2,41.5792,1,0,0,12,2,5,29,2123.0,1,5,4.0,4,0,10.3948
0,1,630,0,14.0,4,1,39.6875,0,0,1,12,2,5,0,3101295.0,1,5,4.0,6,0,6.614583333333333
0,1,194,0,19.0,0,0,10.1708,0,0,1,12,2,0,0,349228.0,1,4,42.0,1,1,10.1708
0,1,247,0,18.0,0,0,7.7958,0,0,1,12,2,0,0,350036.0,1,5,4.0,1,1,7.7958
1,3,498,1,15.0,0,1,211.3375,0,0,1,9,1,1,0,24160.0,1,1,5.0,2,0,105.66875
1,3,213,0,31.0,1,0,57.0,0,0,1,12,2,2,0,17474.0,1,1,20.0,2,0,28.5
1,1,426,1,4.0,0,1,13.4167,1,0,0,9,1,0,0,349256.0,1,6,6.0,2,0,6.70835
1,1,452,0,29.522139767050476,0,0,56.4958,0,0,1,12,2,2,0,1601.0,1,4,42.0,1,1,56.4958
0,1,713,0,25.0,0,0,7.225,1,0,0,12,2,0,0,2672.0,1,5,4.0,1,1,7.225
0,3,850,0,60.0,0,0,26.55,0,0,1,1,5,5,0,113800.0,1,1,50.0,1,1,26.55
0,2,153,0,52.0,0,0,13.5,0,0,1,12,2,0,0,248731.0,1,3,29.0,1,1,13.5
0,1,433,0,44.0,0,0,8.05,0,0,1,12,2,0,0,363592.0,1,5,4.0,1,1,8.05
1,1,565,1,15.418474494951344,0,0,7.7333,0,1,0,9,1,0,0,35852.0,1,6,6.0,1,1,7.7333
0,3,803,0,49.0,1,1,110.8833,1,0,0,12,2,4,0,17421.0,1,2,68.0,3,0,36.9611
0,1,382,0,42.0,0,0,7.65,0,0,1,12,2,0,0,348121.0,2,5,4.0,1,1,7.65
1,3,45,1,18.0,1,0,227.525,1,0,0,13,3,1,16,17757.0,2,2,62.0,2,0,113.7625
1,3,743,0,35.0,0,0,26.2875,0,0,1,12,2,5,16,17475.0,1,4,24.0,1,1,26.2875
0,1,64,1,18.0,0,1,14.4542,1,0,0,9,1,0,0,2691.0,1,6,6.0,2,0,7.2271
0,1,275,0,25.0,0,0,7.7417,0,1,0,12,2,0,0,36864.0,1,5,4.0,1,1,7.7417
0,1,326,0,26.0,1,0,7.8542,0,0,1,12,2,0,0,350025.0,1,5,4.0,2,0,3.9271
0,2,556,0,39.0,0,0,26.0,0,0,1,12,2,5,0,250655.0,1,5,4.0,1,1,26.0
1,2,432,1,45.0,0,0,13.5,0,0,1,13,3,0,0,223596.0,1,3,29.0,1,1,13.5
1,3,126,0,42.0,0,0,26.2875,0,0,1,12,2,5,16,17476.0,1,4,24.0,1,1,26.2875
1,3,163,1,22.0,0,0,151.55,0,0,1,9,1,4,0,113781.0,1,1,50.0,1,1,151.55
1,1,561,0,-1.3838434540866054,1,1,15.2458,1,0,0,8,0,0,0,2661.0,1,5,4.0,3,0,5.081933333333333
1,3,514,1,24.0,0,0,49.5042,1,0,0,10,1,2,16,17482.0,1,2,90.0,1,1,49.5042
0,3,443,0,44.078926361209696,0,0,26.55,0,0,1,12,2,5,0,113028.0,1,2,124.0,1,1,26.55
1,3,801,0,48.0,1,0,52.0,0,0,1,12,2,2,0,19996.0,1,2,126.0,2,0,26.0
0,1,459,0,29.0,0,0,9.4833,0,0,1,12,2,0,0,7545.0,1,4,42.0,1,1,9.4833
0,2,307,0,52.0,0,0,13.0,0,0,1,12,2,0,0,250647.0,1,3,29.0,1,1,13.0
0,1,773,0,19.0,0,0,7.65,0,0,1,12,2,0,0,348124.0,2,5,4.0,1,1,7.65
1,3,241,1,38.0,0,0,227.525,1,0,0,9,1,1,16,17757.0,1,2,45.0,1,1,227.525
1,2,822,1,27.0,0,0,10.5,0,0,1,9,1,0,0,34218.0,1,4,101.0,1,1,10.5
0,1,520,0,37.01140849937105,0,0,15.5,0,1,0,12,2,0,0,36568.0,1,4,42.0,1,1,15.5
0,1,410,0,33.0,0,0,7.775,0,0,1,12,2,0,0,347062.0,1,5,4.0,1,1,7.775
1,2,331,1,6.0,0,1,33.0,0,0,1,9,1,5,0,248727.0,1,5,4.0,2,0,16.5
0,1,399,0,17.0,1,0,7.0542,0,0,1,12,2,0,0,350048.0,1,5,4.0,2,0,3.5271
0,2,286,0,34.0,0,0,13.0,0,0,1,12,2,0,0,12233.0,1,3,29.0,1,1,13.0
0,2,368,0,50.0,0,0,13.0,0,0,1,12,2,0,0,250643.0,1,3,29.0,1,1,13.0
1,3,151,0,27.0,1,0,53.1,0,0,1,12,2,2,0,113806.0,1,4,8.0,2,0,26.55
0,1,616,0,20.0,0,0,8.6625,0,0,1,12,2,0,0,315094.0,1,5,4.0,1,1,8.6625
1,2,677,1,30.0,3,0,21.0,0,0,1,13,3,5,0,31027.0,1,3,29.0,4,0,5.25
1,1,507,1,18.13108460376465,0,0,7.7375,0,1,0,9,1,0,0,36866.0,1,6,6.0,1,1,7.7375
0,2,115,0,25.0,1,0,26.0,0,0,1,12,2,5,0,236853.0,1,5,4.0,2,0,13.0
0,1,387,1,25.0,1,0,7.925,0,0,1,9,1,0,35,2.0,1,4,42.0,2,0,3.9625
1,3,14,1,29.0,0,0,211.3375,0,0,1,9,1,1,0,24160.0,1,1,5.0,1,1,211.3375
0,1,346,0,11.0,0,0,18.7875,1,0,0,12,2,0,0,2699.0,1,4,42.0,1,1,18.7875
0,2,445,0,43.31837781651653,0,0,0.0,0,0,1,12,2,0,0,239855.0,1,5,4.0,1,1,0.0
0,2,84,0,23.0,0,0,13.0,0,0,1,12,2,0,0,28425.0,1,3,29.0,1,1,13.0
0,2,820,0,23.0,0,0,13.0,0,0,1,12,2,0,0,233639.0,1,3,29.0,1,1,13.0
0,1,869,0,28.5,0,0,16.1,0,0,1,12,2,0,0,54636.0,1,4,42.0,1,1,16.1
0,1,254,1,48.0,1,3,34.375,0,0,1,13,3,5,38,6608.0,1,5,4.0,5,0,6.875
1,3,476,0,35.0,0,0,512.3292,1,0,0,12,2,3,16,17755.0,1,1,101.0,1,1,512.3292
0,1,389,0,27.644484161289245,0,0,7.8958,0,0,1,12,2,0,0,349201.0,1,5,4.0,1,1,7.8958
0,1,574,0,24.042472971047864,0,0,7.8958,0,0,1,12,2,0,0,349218.0,1,5,4.0,1,1,7.8958
1,3,347,0,46.51504289079019,0,0,30.0,0,0,1,12,2,5,0,16988.0,1,3,45.0,1,1,30.0
0,3,148,0,36.0,1,0,78.85,0,0,1,12,2,2,0,19877.0,1,2,46.0,2,0,39.425
1,3,711,1,21.0,2,2,262.375,1,0,0,9,1,1,16,17608.0,4,1,57.0,5,0,52.475
0,1,526,0,24.0,1,0,16.1,0,0,1,12,2,0,0,376566.0,1,4,42.0,2,0,8.05
1,1,788,0,31.0,0,0,7.925,0,0,1,12,2,0,36,2.0,1,4,42.0,1,1,7.925
0,3,187,0,70.0,1,1,71.0,0,0,1,0,5,2,41,5735.0,1,1,22.0,3,0,23.666666666666668
0,1,1,0,16.0,1,1,20.25,0,0,1,12,2,5,7,2673.0,1,5,4.0,3,0,6.75
1,2,748,1,30.0,0,0,13.0,0,0,1,9,1,0,0,250648.0,1,4,42.0,1,1,13.0
0,3,511,0,19.0,1,0,53.1,0,0,1,12,2,2,0,113773.0,1,3,30.0,2,0,26.55
0,1,176,0,31.0,0,0,7.75,0,1,0,12,2,0,0,335097.0,1,5,4.0,1,1,7.75
1,2,852,1,4.0,1,1,23.0,0,0,1,9,1,5,0,29103.0,1,5,4.0,3,0,7.666666666666667
1,1,550,0,6.0,0,1,12.475,0,0,1,8,0,0,0,392096.0,1,4,121.0,2,0,6.2375
0,1,833,0,33.0,0,0,9.5,0,0,1,12,2,0,0,345780.0,1,4,42.0,1,1,9.5
0,1,415,0,23.0,0,0,7.8958,0,0,1,12,2,0,0,349204.0,1,5,4.0,1,1,7.8958
1,2,358,1,48.0,1,2,65.0,0,0,1,13,3,2,0,220845.0,1,3,29.0,4,0,16.25
1,2,321,0,0.67,1,1,14.5,0,0,1,8,0,0,0,250649.0,1,5,4.0,3,0,4.833333333333333
0,1,138,0,28.0,0,0,7.7958,0,0,1,12,2,0,0,350042.0,1,5,4.0,1,1,7.7958
0,2,58,0,18.0,0,0,11.5,0,0,1,12,2,0,0,29108.0,1,3,29.0,1,1,11.5
0,1,806,0,34.0,0,0,8.05,0,0,1,12,2,0,0,363294.0,1,4,42.0,1,1,8.05
1,3,704,1,33.0,0,0,86.5,0,0,1,2,4,2,0,110152.0,1,1,77.0,1,1,86.5
0,1,276,0,29.40222569519002,0,0,14.5,0,0,1,12,2,0,0,358585.0,1,4,42.0,1,1,14.5
0,1,591,0,41.0,0,0,7.125,0,0,1,12,2,0,32,2.0,1,5,4.0,1,1,7.125
1,1,62,0,20.0,0,0,7.2292,1,0,0,12,2,0,0,2663.0,1,5,4.0,1,1,7.2292
1,3,146,1,36.0,1,2,120.0,0,0,1,13,3,4,0,113760.0,2,1,96.0,4,0,30.0
0,1,233,0,16.0,0,0,7.775,0,0,1,12,2,0,0,347074.0,1,5,4.0,1,1,7.775
1,3,369,1,51.0,1,0,77.9583,0,0,1,13,3,2,0,13502.0,1,3,11.0,2,0,38.97915
0,3,109,0,46.17231855478495,0,0,39.6,1,0,0,4,5,5,0,112379.0,1,1,50.0,1,1,39.6
0,1,506,1,30.5,0,0,7.75,0,1,0,9,1,0,0,364850.0,1,4,42.0,1,1,7.75
0,1,553,0,31.620769926658223,1,0,24.15,0,1,0,12,2,5,0,371110.0,1,4,42.0,2,0,12.075
0,1,309,0,32.0,0,0,8.3625,0,0,1,12,2,0,0,8471.0,1,4,42.0,1,1,8.3625
0,1,480,0,24.0,0,0,9.5,0,0,1,12,2,0,0,345781.0,1,4,42.0,1,1,9.5
0,1,398,0,48.0,0,0,7.8542,0,0,1,12,2,0,0,350047.0,1,5,4.0,1,1,7.8542
0,2,496,1,57.0,0,0,10.5,0,0,1,13,3,0,20,3.0,1,4,77.0,1,1,10.5
0,1,235,0,28.51159525042491,0,0,7.225,1,0,0,12,2,0,0,2674.0,1,5,4.0,1,1,7.225
1,2,366,1,54.0,1,3,23.0,0,0,1,13,3,5,0,29105.0,1,3,29.0,5,0,4.6
0,1,569,0,18.0,0,0,7.75,0,0,1,12,2,0,0,347078.0,1,5,4.0,1,1,7.75
0,1,812,0,35.18720864281039,0,0,7.75,0,1,0,12,2,0,0,383121.0,1,5,38.0,1,1,7.75
1,1,239,1,5.0,0,0,12.475,0,0,1,9,1,0,0,364516.0,1,6,6.0,1,1,12.475
0,1,438,0,29.32398618896171,0,0,7.7375,0,1,0,12,2,0,0,36865.0,1,5,4.0,1,1,7.7375
1,3,694,1,43.0,0,1,211.3375,0,0,1,13,3,1,0,24160.0,1,1,3.0,2,0,105.66875
1,1,50,1,13.0,0,0,7.2292,1,0,0,9,1,0,0,2687.0,1,6,6.0,1,1,7.2292
1,3,214,1,17.0,1,0,57.0,0,0,1,13,3,2,0,17474.0,1,1,20.0,2,0,28.5
0,3,489,0,29.0,0,0,30.0,0,0,1,12,2,5,0,113501.0,1,3,6.0,1,1,30.0
0,1,413,0,18.60860805884809,1,2,23.45,0,0,1,12,2,5,38,6607.0,1,5,4.0,4,0,5.8625
0,1,13,0,25.0,0,0,7.05,0,0,1,12,2,0,33,3101312.0,1,5,4.0,1,1,7.05
0,1,330,0,25.0,0,0,7.25,0,0,1,12,2,0,0,374887.0,1,5,4.0,1,1,7.25
1,1,753,1,18.0,0,0,7.4958,0,0,1,9,1,0,0,3101265.0,1,6,6.0,1,1,7.4958
0,1,683,0,8.0,4,1,29.125,0,1,0,8,0,5,0,382652.0,1,5,4.0,6,0,4.854166666666667
1,1,209,0,1.0,1,2,20.575,0,0,1,8,0,5,7,2315.0,1,5,4.0,4,0,5.14375
0,3,310,0,46.0,0,0,79.2,1,0,0,12,2,2,16,17593.0,2,1,82.0,1,1,79.2
0,1,428,0,33.45096938846215,0,0,7.75,0,1,0,12,2,0,0,12460.0,1,5,4.0,1,1,7.75
0,2,278,0,16.0,0,0,26.0,0,0,1,12,2,5,0,239865.0,1,5,4.0,1,1,26.0
0,1,721,1,13.156779226320893,8,2,69.55,0,0,1,9,1,2,10,2343.0,1,5,4.0,11,0,6.322727272727272
0,3,381,0,50.93767002839388,0,0,30.6958,1,0,0,12,2,5,16,17600.0,1,2,83.0,1,1,30.6958
0,1,201,0,25.0,0,0,7.8958,0,0,1,12,2,0,0,349203.0,1,5,4.0,1,1,7.8958
0,2,621,0,39.0,0,0,13.0,0,0,1,12,2,0,0,28213.0,1,3,29.0,1,1,13.0
1,3,462,1,49.0,0,0,25.9292,0,0,1,4,5,5,0,17465.0,1,3,17.0,1,1,25.9292
1,1,619,1,31.0,0,0,8.6833,0,0,1,13,3,0,0,349244.0,1,6,6.0,1,1,8.6833
0,1,384,0,30.0,0,0,7.2292,1,0,0,12,2,0,0,2685.0,1,5,4.0,1,1,7.2292
0,1,831,1,30.0,1,1,24.15,0,0,1,13,3,5,0,345773.0,1,6,6.0,3,0,8.049999999999999
0,2,666,0,34.0,0,0,13.0,0,0,1,12,2,0,0,250647.0,1,3,29.0,1,1,13.0
1,2,173,1,31.0,1,1,26.25,0,0,1,13,3,5,7,31921.0,1,3,29.0,3,0,8.75
1,3,147,0,11.0,1,2,120.0,0,0,1,8,0,4,0,113760.0,2,1,96.0,4,0,30.0
1,1,807,0,0.42,0,1,8.5167,1,0,0,8,0,0,0,2625.0,1,5,4.0,2,0,4.25835
1,1,351,0,27.0,0,0,6.975,0,0,1,12,2,0,0,347089.0,1,5,4.0,1,1,6.975
0,1,406,0,31.0,0,0,7.775,0,0,1,12,2,0,0,347063.0,1,5,4.0,1,1,7.775
0,3,34,0,39.0,0,0,0.0,0,0,1,12,2,0,0,112050.0,1,0,36.0,1,1,0.0
0,1,660,1,18.0,0,0,7.775,0,0,1,9,1,0,0,347087.0,1,6,6.0,1,1,7.775
0,2,534,0,39.0,0,0,13.0,0,0,1,12,2,0,0,248723.0,1,3,29.0,1,1,13.0
1,3,152,1,33.0,1,0,53.1,0,0,1,13,3,2,0,113806.0,1,4,8.0,2,0,26.55
0,1,10,0,26.0,0,0,7.8875,0,0,1,12,2,0,0,3474.0,1,5,4.0,1,1,7.8875
0,1,475,0,39.0,0,0,24.15,0,0,1,12,2,5,4,4.0,1,5,4.0,1,1,24.15
0,2,763,0,35.0,0,0,10.5,0,0,1,12,2,0,0,28206.0,1,3,29.0,1,1,10.5
0,1,25,1,6.0,4,2,31.275,0,0,1,9,1,5,0,347082.0,1,5,4.0,7,0,4.4678571428571425
0,1,814,0,30.5,0,0,8.05,0,0,1,12,2,0,0,364499.0,1,4,42.0,1,1,8.05
0,3,269,0,39.77447434970846,0,0,0.0,0,0,1,12,2,0,0,112058.0,1,1,102.0,1,1,0.0
0,1,354,1,23.0,0,0,7.925,0,0,1,9,1,0,35,2.0,1,6,6.0,1,1,7.925
0,2,503,0,31.0,1,1,37.0042,1,0,0,12,2,5,19,2079.0,1,5,4.0,3,0,12.334733333333332
0,1,371,0,43.0,0,0,6.45,0,0,1,12,2,0,6,7075.0,1,5,4.0,1,1,6.45
0,1,756,0,10.0,3,2,27.9,0,0,1,8,0,5,0,347088.0,1,5,4.0,6,0,4.6499999999999995
1,3,348,1,52.0,1,1,93.5,0,0,1,13,3,2,0,12749.0,1,1,69.0,3,0,31.166666666666668
1,1,493,0,27.0,0,0,8.6625,0,0,1,12,2,0,0,315098.0,1,4,42.0,1,1,8.6625
0,3,678,0,38.0,0,0,0.0,0,0,1,5,4,0,0,19972.0,1,1,50.0,1,1,0.0
1,1,549,1,27.0,0,1,12.475,0,0,1,13,3,0,0,392096.0,1,4,121.0,2,0,6.2375
0,1,633,0,2.0,4,1,39.6875,0,0,1,8,0,5,0,3101295.0,1,5,4.0,6,0,6.614583333333333
0,1,250,0,35.103070952238184,0,0,6.95,0,1,0,12,2,0,0,368323.0,1,5,4.0,1,1,6.95
0,1,453,0,29.522139767050476,0,0,56.4958,0,0,1,12,2,2,0,1601.0,1,4,42.0,1,1,56.4958
1,2,504,0,1.0,0,2,37.0042,1,0,0,8,0,5,19,2079.0,1,5,4.0,3,0,12.334733333333332
1,1,516,0,38.477063902074704,0,0,7.75,0,1,0,12,2,0,0,367228.0,1,5,4.0,1,1,7.75
1,3,785,1,62.0,0,0,80.0,0,0,1,13,3,2,0,113572.0,1,1,28.0,1,1,80.0
1,1,876,1,15.0,1,0,14.4542,1,0,0,13,3,0,0,2659.0,1,6,6.0,2,0,7.2271
1,2,686,0,0.83,1,1,18.75,0,0,1,8,0,0,0,29106.0,1,5,4.0,3,0,6.25
0,1,712,0,22.994979247505075,0,0,7.2292,1,0,0,12,2,0,0,2671.0,1,5,4.0,1,1,7.2292
0,1,49,0,23.0,0,0,7.8542,0,0,1,12,2,0,0,347468.0,1,5,4.0,1,1,7.8542
0,1,19,0,18.0,0,0,8.3,0,0,1,12,2,0,0,2223.0,1,5,4.0,1,1,8.3
1,3,175,1,39.0,1,1,83.1583,1,0,0,9,1,2,16,17756.0,1,4,49.0,3,0,27.71943333333333
0,1,638,0,21.0,0,0,8.6625,0,0,1,12,2,0,0,315097.0,1,5,4.0,1,1,8.6625
0,1,750,0,33.944033483702526,0,0,8.05,0,0,1,12,2,0,0,392092.0,1,4,42.0,1,1,8.05
1,1,158,0,32.0,0,0,56.4958,0,0,1,12,2,2,0,1601.0,1,4,42.0,1,1,56.4958
1,3,508,0,49.04368590163043,0,0,29.7,1,0,0,12,2,5,0,11774.0,1,2,47.0,1,1,29.7
0,1,11,0,20.0,0,0,7.925,0,0,1,12,2,0,32,2.0,1,5,4.0,1,1,7.925
0,2,564,0,16.0,0,0,10.5,0,0,1,12,2,0,20,3.0,1,5,4.0,1,1,10.5
1,3,734,1,30.0,0,0,31.0,1,0,0,9,1,5,0,113798.0,1,1,50.0,1,1,31.0
0,1,471,0,34.5,0,0,6.4375,1,0,0,12,2,0,0,2683.0,1,5,4.0,1,1,6.4375
0,1,189,0,17.0,0,0,8.6625,0,0,1,12,2,0,0,315090.0,1,5,4.0,1,1,8.6625
0,1,0,0,42.0,0,0,7.55,0,0,1,12,2,0,7,5547.0,1,5,4.0,1,1,7.55
0,1,718,0,14.674353855521286,8,2,69.55,0,0,1,12,2,2,10,2343.0,1,5,4.0,11,0,6.322727272727272
0,1,509,0,35.0,0,0,7.8958,1,0,0,12,2,0,0,349213.0,1,5,4.0,1,1,7.8958
0,2,334,0,28.0,0,1,33.0,0,0,1,15,5,5,0,248727.0,1,5,4.0,2,0,16.5
1,3,291,1,40.64890025207419,1,0,89.1042,1,0,0,13,3,2,0,17453.0,1,2,92.0,2,0,44.5521
0,1,30,0,4.0,4,2,31.275,0,0,1,8,0,5,0,347082.0,1,5,4.0,7,0,4.4678571428571425
0,1,795,0,74.0,0,0,7.775,0,0,1,12,2,0,0,347060.0,1,5,4.0,1,1,7.775
0,1,99,1,9.0,1,1,15.2458,1,0,0,9,1,0,0,2678.0,1,6,6.0,3,0,5.081933333333333
1,3,485,1,16.0,0,1,39.4,0,0,1,9,1,5,16,17592.0,1,3,28.0,2,0,19.7
0,2,143,1,44.0,1,0,26.0,0,0,1,13,3,5,0,244252.0,1,3,29.0,2,0,13.0
1,1,8,1,18.0,0,1,9.35,0,0,1,13,3,0,0,392091.0,1,6,6.0,2,0,4.675
1,3,859,1,45.0,1,1,164.8667,0,0,1,13,3,4,0,36928.0,1,1,50.0,3,0,54.95556666666667
1,3,196,0,51.0,0,0,26.55,0,0,1,12,2,5,0,113055.0,1,4,17.0,1,1,26.55
1,1,56,1,24.0,0,3,19.2583,1,0,0,13,3,0,0,2666.0,1,6,6.0,4,0,4.814575
0,1,672,0,25.89008143412885,0,0,7.2292,1,0,0,12,2,0,0,2629.0,1,5,4.0,1,1,7.2292
0,1,325,0,41.0,2,0,14.1083,0,0,1,12,2,0,0,350026.0,1,4,42.0,3,0,4.702766666666666
0,2,283,0,21.0,1,0,11.5,0,0,1,12,2,0,0,28134.0,1,3,29.0,2,0,5.75
1,3,797,1,48.0,0,0,25.9292,0,0,1,13,3,5,0,17466.0,1,3,17.0,1,1,25.9292
0,1,717,1,13.156779226320893,8,2,69.55,0,0,1,9,1,2,10,2343.0,1,5,4.0,11,0,6.322727272727272
0,2,285,0,24.0,0,0,13.0,0,0,1,12,2,0,0,233866.0,1,3,29.0,1,1,13.0
1,2,122,1,42.0,0,0,13.0,0,0,1,13,3,0,0,236852.0,1,3,29.0,1,1,13.0
1,2,230,1,27.0,1,0,13.8583,1,0,0,9,1,0,28,2149.0,1,4,42.0,2,0,6.92915
0,3,696,0,31.0,0,0,50.4958,0,0,1,12,2,2,16,17590.0,1,0,24.0,1,1,50.4958
0,1,890,0,17.15838985944934,0,0,9.5,0,0,1,12,2,0,0,345777.0,1,5,4.0,1,1,9.5
1,1,409,0,4.0,1,1,11.1333,0,0,1,8,0,0,0,347742.0,1,4,42.0,3,0,3.7111
0,1,59,0,26.0,0,0,7.8958,0,0,1,12,2,0,0,349248.0,1,5,4.0,1,1,7.8958
1,3,79,1,47.0,1,1,52.5542,0,0,1,13,3,2,0,11751.0,1,3,35.0,3,0,17.518066666666666
0,3,139,0,33.0,0,0,5.0,0,0,1,12,2,0,0,695.0,3,1,51.0,1,1,5.0
0,1,836,0,47.0,0,0,9.0,0,0,1,12,2,0,0,345765.0,1,4,42.0,1,1,9.0
1,2,4,1,28.0,1,0,24.0,1,0,0,13,3,5,15,3381.0,1,3,29.0,2,0,12.0
1,1,571,1,15.0,0,0,7.225,1,0,0,9,1,0,0,2667.0,1,6,6.0,1,1,7.225
0,1,311,0,20.0,0,0,9.8458,0,0,1,12,2,0,0,7534.0,1,5,4.0,1,1,9.8458
0,1,657,0,19.0,0,0,7.8958,0,0,1,12,2,0,0,349212.0,1,5,4.0,1,1,7.8958
0,1,451,0,28.195187782788054,0,0,7.8958,0,0,1,12,2,0,0,349217.0,1,5,4.0,1,1,7.8958
1,3,668,1,56.0,0,1,83.1583,1,0,0,13,3,2,0,11767.0,1,2,50.0,2,0,41.57915
1,2,739,1,25.0,0,1,26.0,0,0,1,13,3,5,0,230433.0,1,3,29.0,2,0,13.0
0,1,510,0,33.0,0,0,7.8958,0,0,1,12,2,0,0,349257.0,1,5,4.0,1,1,7.8958
0,1,193,1,22.0,0,0,10.5167,0,0,1,9,1,0,0,7552.0,1,6,6.0,1,1,10.5167
0,2,61,0,28.0,0,0,10.5,0,0,1,12,2,0,8,34068.0,1,3,29.0,1,1,10.5
0,1,793,0,25.0,0,0,7.05,0,0,1,12,2,0,34,392076.0,1,5,4.0,1,1,7.05
0,1,684,1,39.0,0,5,29.125,0,1,0,13,3,5,0,382652.0,1,5,4.0,6,0,4.854166666666667
0,2,548,0,27.0,0,0,13.0,0,0,1,15,5,0,0,211536.0,1,3,29.0,1,1,13.0
1,3,304,1,19.0,0,0,30.0,0,0,1,9,1,5,0,112053.0,1,1,42.0,1,1,30.0
0,1,414,1,7.8180805291242805,1,2,23.45,0,0,1,9,1,5,38,6607.0,1,5,4.0,4,0,5.8625
1,3,81,0,26.0,0,0,30.0,1,0,0,12,2,5,0,111369.0,1,2,148.0,1,1,30.0
0,1,220,0,32.0,0,0,7.75,0,1,0,12,2,0,0,370376.0,1,5,4.0,1,1,7.75
